,date,open,high,low,close,signal_1,signal_2,signal_3,DR
0,2015-11-26,0.87,0.91,0.8155,0.86,0,0,0,0
1,2015-11-27,0.86,0.89,0.86,0.88,0,0,0,1
2,2015-11-28,0.88,0.91,0.88,0.91,0,0,0,1
3,2015-11-29,0.91,0.91,0.85,0.87,0,0,0,0
4,2015-11-30,0.87,0.88,0.8674,0.88,0,0,0,1
5,2015-12-01,0.88,0.8885,0.8423,0.87,0,0,0,0
6,2015-12-02,0.87,0.87,0.8,0.82,0,0,1,0
7,2015-12-03,0.82,0.83,0.7979,0.83,0,0,0,1
8,2015-12-04,0.83,0.84,0.8246,0.84,0,0,0,1
9,2015-12-05,0.84,0.8699,0.8351,0.8699,0,0,0,1
10,2015-12-06,0.8699,0.87,0.825,0.825,0,0,1,0
11,2015-12-07,0.825,0.825,0.7829,0.79,0,0,0,0
12,2015-12-08,0.79,0.898,0.7796,0.7946,1,1,0,1
13,2015-12-09,0.7946,0.8533,0.761,0.8051,1,0,0,1
14,2015-12-10,0.8051,0.8683,0.7797,0.8437,0,0,0,1
15,2015-12-11,0.8437,0.9,0.77,0.8998,0,0,0,1
16,2015-12-12,0.8998,0.96,0.8998,0.96,0,0,0,1
17,2015-12-13,0.96,0.9749,0.8835,0.9199,1,0,1,0
18,2015-12-14,0.9199,0.99,0.9199,0.99,0,0,1,1
19,2015-12-15,0.99,1.0,0.96,1.0,0,0,1,1
20,2015-12-16,1.0,1.1,0.8,0.803,1,0,1,0
21,2015-12-17,0.803,0.9701,0.803,0.94,0,0,1,1
22,2015-12-18,0.94,0.94,0.9,0.9,0,0,1,0
23,2015-12-19,0.9,0.9193,0.8935,0.8935,0,0,1,0
24,2015-12-20,0.8935,1.065,0.8935,1.065,1,0,1,1
25,2015-12-21,1.065,1.065,0.91,0.91,1,0,1,0
26,2015-12-22,0.91,0.9999,0.88,0.88,1,0,1,0
27,2015-12-23,0.88,0.9897,0.87,0.8709,1,0,0,0
28,2015-12-24,0.8709,0.8899,0.85,0.87,0,0,0,0
29,2015-12-25,0.87,0.88,0.8569,0.88,0,0,0,1
30,2015-12-26,0.88,1.0,0.85,0.853,1,0,0,0
31,2015-12-27,0.853,0.918,0.84,0.918,0,0,0,1
32,2015-12-28,0.918,0.918,0.84,0.8749,0,0,0,0
33,2015-12-29,0.8749,0.89,0.8433,0.86,0,0,0,0
34,2015-12-30,0.86,0.929,0.86,0.8925,0,0,0,1
35,2015-12-31,0.8925,0.9666,0.8925,0.9488,1,0,0,1
36,2016-01-01,0.9488,0.9488,0.9184,0.9204,1,1,1,0
37,2016-01-02,0.9204,0.9547,0.9204,0.9547,1,1,0,1
38,2016-01-03,0.9547,0.97,0.9506,0.96,1,1,0,1
39,2016-01-04,0.96,0.9644,0.9186,0.95,1,1,0,0
40,2016-01-05,0.95,0.9599,0.8416,0.9426,1,1,0,0
41,2016-01-06,0.9426,0.952,0.9292,0.95,1,1,0,1
42,2016-01-07,0.95,0.96,0.93,0.94,1,0,0,0
43,2016-01-08,0.94,0.985,0.94,0.985,1,0,0,1
44,2016-01-09,0.985,0.998,0.9654,0.985,1,0,1,0
45,2016-01-10,0.985,1.0,0.985,1.0,1,0,1,1
46,2016-01-11,1.0,1.1,1.0,1.07,1,0,1,1
47,2016-01-12,1.07,1.25,1.047,1.225,1,0,1,1
48,2016-01-13,1.225,1.225,1.07,1.137,0,0,1,0
49,2016-01-14,1.137,1.17,1.1,1.17,1,1,1,1
50,2016-01-15,1.17,1.33,1.161,1.299,0,0,1,1
51,2016-01-16,1.299,1.32,1.198,1.212,1,1,1,0
52,2016-01-17,1.212,1.32,1.206,1.32,1,1,0,1
53,2016-01-18,1.32,1.55,1.307,1.466,1,1,0,1
54,2016-01-19,1.466,1.466,1.22,1.355,1,1,1,0
55,2016-01-20,1.355,1.61,1.281,1.403,1,1,0,1
56,2016-01-21,1.403,1.54,1.403,1.496,1,1,1,1
57,2016-01-22,1.496,1.66,1.42,1.52,1,1,1,1
58,2016-01-23,1.52,2.031,1.389,2.0,1,1,1,1
59,2016-01-24,2.0,2.3,1.1,2.1,1,1,1,1
60,2016-01-25,2.1,2.88,2.05,2.596,1,1,1,1
61,2016-01-26,2.596,2.802,2.25,2.3,0,0,1,0
62,2016-01-27,2.3,2.8,1.878,2.4,1,1,1,1
63,2016-01-28,2.4,2.611,2.236,2.546,1,1,1,1
64,2016-01-29,2.546,2.61,2.21,2.499,0,0,1,0
65,2016-01-30,2.499,2.6,2.37,2.441,1,0,1,0
66,2016-01-31,2.441,2.54,2.2,2.2,0,0,1,0
67,2016-02-01,2.2,2.321,2.0,2.165,0,0,0,0
68,2016-02-02,2.165,2.447,2.12,2.447,0,0,1,1
69,2016-02-03,2.447,2.539,2.301,2.53,1,0,1,1
70,2016-02-04,2.53,2.79,2.499,2.55,1,0,1,1
71,2016-02-05,2.55,2.59,2.47,2.565,1,0,1,1
72,2016-02-06,2.565,2.572,2.48,2.549,1,0,1,0
73,2016-02-07,2.549,3.0,2.51,2.898,1,0,1,1
74,2016-02-08,2.898,3.238,2.75,3.19,1,0,1,1
75,2016-02-09,3.19,4.0,3.135,4.0,1,1,1,1
76,2016-02-10,4.0,4.979,3.5,4.35,1,1,1,1
77,2016-02-11,4.35,6.375,3.44,6.0,1,1,1,1
78,2016-02-12,6.0,6.471,5.053,5.5,0,0,1,0
79,2016-02-13,5.5,5.8,4.07,5.33,0,0,1,0
80,2016-02-14,5.33,5.41,4.5,5.2,0,0,1,0
81,2016-02-15,5.2,5.98,4.5,5.152,0,0,1,0
82,2016-02-16,5.152,5.439,4.0,4.25,1,1,1,0
83,2016-02-17,4.25,4.779,3.5,3.794,1,1,1,0
84,2016-02-18,3.794,4.75,3.32,4.49,0,0,1,1
85,2016-02-19,4.49,4.75,4.15,4.72,0,0,1,1
86,2016-02-20,4.72,4.72,4.01,4.374,1,0,1,0
87,2016-02-21,4.374,4.63,4.0,4.63,0,0,1,1
88,2016-02-22,4.63,5.84,4.5,5.6,1,0,1,1
89,2016-02-23,5.6,6.0,5.32,5.55,0,0,1,0
90,2016-02-24,5.55,6.5,5.51,6.234,1,0,1,1
91,2016-02-25,6.234,6.64,5.55,6.1,0,0,1,0
92,2016-02-26,6.1,6.287,5.71,5.87,0,0,1,0
93,2016-02-27,5.87,6.5,5.75,6.311,1,1,0,1
94,2016-02-28,6.311,6.543,6.152,6.499,1,1,0,1
95,2016-02-29,6.499,6.625,6.0,6.348,1,1,0,0
96,2016-03-01,6.348,7.6,6.251,7.55,1,1,1,1
97,2016-03-02,7.55,9.9,7.04,8.41,1,1,1,1
98,2016-03-03,8.41,9.94,8.3,9.111,1,1,1,1
99,2016-03-04,9.111,10.03,8.27,10.03,1,1,1,1
100,2016-03-05,10.03,12.0,9.75,10.89,1,1,1,1
101,2016-03-06,10.89,11.9,9.75,11.19,0,0,0,1
102,2016-03-07,11.19,11.47,9.055,9.489,0,0,1,0
103,2016-03-08,9.489,10.89,8.49,9.76,1,1,1,1
104,2016-03-09,9.76,12.0,9.6,11.55,1,1,1,1
105,2016-03-10,11.55,12.05,10.25,11.19,0,0,1,0
106,2016-03-11,11.19,11.62,10.4,11.05,1,1,1,0
107,2016-03-12,11.05,13.48,11.03,13.45,1,1,1,1
108,2016-03-13,13.45,15.18,12.0,14.4,1,1,1,1
109,2016-03-14,14.4,14.85,10.0,12.6,0,0,1,0
110,2016-03-15,12.6,13.45,11.93,13.14,1,1,1,1
111,2016-03-16,13.14,13.75,12.5,12.54,0,0,1,0
112,2016-03-17,12.54,13.0,10.2,10.94,0,0,1,0
113,2016-03-18,10.94,11.47,8.091,10.98,1,1,0,1
114,2016-03-19,10.98,11.19,9.8,10.55,1,1,0,0
115,2016-03-20,10.55,10.85,9.52,10.34,1,1,0,0
116,2016-03-21,10.34,11.99,9.931,11.89,0,0,1,1
117,2016-03-22,11.89,12.2,10.95,11.45,0,0,1,0
118,2016-03-23,11.45,12.5,11.0,12.42,0,0,0,1
119,2016-03-24,12.42,12.49,10.84,11.13,1,0,1,0
120,2016-03-25,11.13,11.4,10.51,10.61,1,0,0,0
121,2016-03-26,10.61,11.4,10.58,10.99,0,0,0,1
122,2016-03-27,10.99,11.09,10.11,10.43,1,0,1,0
123,2016-03-28,10.43,11.84,10.32,11.56,0,0,0,1
124,2016-03-29,11.56,11.8,11.2,11.62,0,0,0,1
125,2016-03-30,11.62,12.13,11.2,11.85,0,0,0,1
126,2016-03-31,11.85,12.13,11.33,11.37,1,0,1,0
127,2016-04-01,11.37,11.9,11.28,11.63,0,0,1,1
128,2016-04-02,11.63,11.67,11.36,11.58,0,0,1,0
129,2016-04-03,11.58,11.63,11.48,11.61,0,0,1,1
130,2016-04-04,11.61,11.64,10.99,11.15,0,0,1,0
131,2016-04-05,11.15,11.26,10.01,10.46,1,0,1,0
132,2016-04-06,10.46,11.15,10.25,10.7,0,0,1,1
133,2016-04-07,10.7,10.77,9.89,10.07,1,0,1,0
134,2016-04-08,10.07,10.32,9.597,9.686,1,1,1,0
135,2016-04-09,9.686,10.05,9.0,9.01,1,1,1,0
136,2016-04-10,9.01,9.198,7.351,8.951,1,1,0,0
137,2016-04-11,8.951,8.951,7.99,8.693,0,0,0,0
138,2016-04-12,8.693,8.7,7.15,7.479,1,0,1,0
139,2016-04-13,7.479,8.75,7.0,8.0,0,0,0,1
140,2016-04-14,8.0,8.87,7.99,8.458,0,0,0,1
141,2016-04-15,8.458,8.61,8.13,8.195,1,1,0,0
142,2016-04-16,8.195,8.57,8.1,8.57,0,0,0,1
143,2016-04-17,8.57,10.0,8.55,9.32,0,0,0,1
144,2016-04-18,9.32,9.507,8.46,9.0,1,1,1,0
145,2016-04-19,9.0,9.249,8.55,8.688,1,1,1,0
146,2016-04-20,8.688,8.874,8.35,8.47,0,0,0,0
147,2016-04-21,8.47,8.705,8.0,8.129,1,0,1,0
148,2016-04-22,8.129,8.354,7.653,7.84,1,0,0,0
149,2016-04-23,7.84,8.55,7.724,8.315,0,0,0,1
150,2016-04-24,8.315,8.45,7.81,7.95,1,0,1,0
151,2016-04-25,7.95,8.1,7.27,7.565,1,0,1,0
152,2016-04-26,7.565,7.576,7.1,7.43,1,0,0,0
153,2016-04-27,7.43,7.989,7.336,7.769,1,0,0,1
154,2016-04-28,7.769,7.79,7.222,7.222,1,0,1,0
155,2016-04-29,7.222,7.732,7.219,7.494,1,0,1,1
156,2016-04-30,7.494,9.419,7.494,8.85,1,0,1,1
157,2016-05-01,8.85,9.1,8.425,8.79,1,0,1,0
158,2016-05-02,8.79,10.45,8.79,10.15,0,0,1,1
159,2016-05-03,10.15,10.15,8.43,9.384,1,1,1,0
160,2016-05-04,9.384,10.0,9.245,9.466,1,1,1,1
161,2016-05-05,9.466,10.0,9.27,9.8,1,1,0,1
162,2016-05-06,9.8,9.971,9.14,9.309,1,1,1,0
163,2016-05-07,9.309,9.639,9.247,9.32,1,1,0,1
164,2016-05-08,9.32,9.615,8.978,9.535,0,0,0,1
165,2016-05-09,9.535,9.67,9.213,9.351,1,0,0,0
166,2016-05-10,9.351,9.53,9.252,9.41,0,0,0,1
167,2016-05-11,9.41,10.0,9.383,9.98,1,0,0,1
168,2016-05-12,9.98,10.55,9.852,10.13,1,1,1,1
169,2016-05-13,10.13,11.09,10.05,10.65,1,1,1,1
170,2016-05-14,10.65,10.69,9.73,10.13,1,1,1,0
171,2016-05-15,10.13,10.48,9.9,9.93,1,1,1,0
172,2016-05-16,9.93,11.41,9.93,11.13,1,1,0,1
173,2016-05-17,11.13,12.5,11.04,12.14,1,1,0,1
174,2016-05-18,12.14,14.3,12.14,13.5,1,1,0,1
175,2016-05-19,13.5,14.45,12.85,14.45,1,1,0,1
176,2016-05-20,14.45,14.85,13.25,13.5,1,1,1,0
177,2016-05-21,13.5,14.0,12.81,13.82,1,1,0,1
178,2016-05-22,13.82,14.23,13.73,14.2,1,1,0,1
179,2016-05-23,14.2,14.38,13.2,13.35,1,1,1,0
180,2016-05-24,13.35,13.81,11.8,12.7,0,0,1,0
181,2016-05-25,12.7,12.91,11.8,12.5,0,0,1,0
182,2016-05-26,12.5,12.9,12.0,12.3,0,0,1,0
183,2016-05-27,12.3,12.35,10.4,11.3,0,0,1,0
184,2016-05-28,11.3,12.2,10.29,11.56,0,0,1,1
185,2016-05-29,11.56,12.4,11.49,12.07,0,0,1,1
186,2016-05-30,12.07,12.76,12.0,12.63,0,0,1,1
187,2016-05-31,12.63,14.4,12.45,14.07,1,0,1,1
188,2016-06-01,14.07,14.3,13.44,13.96,1,0,1,0
189,2016-06-02,13.96,14.09,13.6,13.72,1,0,1,0
190,2016-06-03,13.72,13.95,13.01,13.82,1,0,0,1
191,2016-06-04,13.82,13.9,13.3,13.65,1,0,0,0
192,2016-06-05,13.65,13.96,13.57,13.96,1,0,0,1
193,2016-06-06,13.96,13.96,13.77,13.95,1,0,0,0
194,2016-06-07,13.95,14.67,13.76,14.51,1,0,0,1
195,2016-06-08,14.51,14.77,14.32,14.39,1,0,0,0
196,2016-06-09,14.39,14.8,14.35,14.45,1,0,0,1
197,2016-06-10,14.45,14.49,13.8,13.97,1,0,1,0
198,2016-06-11,13.97,14.19,13.77,14.19,1,0,1,1
199,2016-06-12,14.19,15.75,14.18,15.66,1,0,1,1
200,2016-06-13,15.66,17.66,15.57,17.66,1,0,1,1
201,2016-06-14,17.66,19.3,16.12,18.87,1,1,0,1
202,2016-06-15,18.87,18.87,17.6,18.45,1,1,0,0
203,2016-06-16,18.45,20.92,18.37,20.49,1,1,0,1
204,2016-06-17,20.49,21.49,13.51,15.35,0,0,1,0
205,2016-06-18,15.35,15.5,10.1,11.2,1,0,1,0
206,2016-06-19,11.2,13.64,10.62,12.24,1,1,0,1
207,2016-06-20,12.24,12.74,10.31,11.76,1,0,1,0
208,2016-06-21,11.76,13.5,11.11,13.22,1,0,1,1
209,2016-06-22,13.22,16.08,13.0,13.39,1,0,1,1
210,2016-06-23,13.39,13.93,12.6,13.64,0,0,1,1
211,2016-06-24,13.64,15.1,13.16,14.41,0,0,1,1
212,2016-06-25,14.41,14.8,14.0,14.44,0,0,1,1
213,2016-06-26,14.44,14.51,13.7,13.97,0,0,1,0
214,2016-06-27,13.97,14.32,13.78,14.09,0,0,1,1
215,2016-06-28,14.09,14.1,11.33,12.12,1,0,1,0
216,2016-06-29,12.12,13.03,11.65,12.65,0,0,0,1
217,2016-06-30,12.65,12.75,12.21,12.45,0,0,1,0
218,2016-07-01,12.45,12.67,11.72,12.18,0,0,0,0
219,2016-07-02,12.18,12.21,11.85,12.14,0,0,0,0
220,2016-07-03,12.14,12.14,11.53,11.75,0,0,0,0
221,2016-07-04,11.75,11.9,10.5,11.4,1,0,0,0
222,2016-07-05,11.4,11.4,9.306,10.54,1,1,1,0
223,2016-07-06,10.54,11.1,10.2,10.46,0,0,0,0
224,2016-07-07,10.46,10.64,9.75,10.16,1,1,1,0
225,2016-07-08,10.16,11.69,10.0,11.53,1,1,0,1
226,2016-07-09,11.53,11.55,10.75,10.98,1,1,1,0
227,2016-07-10,10.98,11.1,10.75,11.06,1,1,0,1
228,2016-07-11,11.06,11.06,10.1,10.5,1,1,1,0
229,2016-07-12,10.5,10.8,10.45,10.58,1,1,0,1
230,2016-07-13,10.58,10.65,10.37,10.42,1,1,0,0
231,2016-07-14,10.42,11.77,10.42,11.6,1,0,0,1
232,2016-07-15,11.6,12.7,11.53,12.03,0,0,0,1
233,2016-07-16,12.03,12.03,11.56,11.7,1,0,0,0
234,2016-07-17,11.7,11.7,11.03,11.24,1,0,1,0
235,2016-07-18,11.24,11.7,10.92,11.07,0,0,1,0
236,2016-07-19,11.07,12.1,11.03,11.72,0,0,1,1
237,2016-07-20,11.72,13.0,11.45,12.5,0,0,1,1
238,2016-07-21,12.5,12.91,12.03,12.68,1,0,1,1
239,2016-07-22,12.68,15.24,12.5,14.67,0,0,1,1
240,2016-07-23,14.67,15.23,14.0,14.3,0,0,1,0
241,2016-07-24,14.3,15.0,12.2,12.79,1,0,1,0
242,2016-07-25,12.79,13.88,12.68,13.82,0,0,1,1
243,2016-07-26,13.82,13.82,11.5,11.85,1,0,1,0
244,2016-07-27,11.85,13.44,11.85,13.04,0,0,0,1
245,2016-07-28,13.04,13.1,12.5,12.89,0,0,0,0
246,2016-07-29,12.89,12.89,12.6,12.8,0,0,0,0
247,2016-07-30,12.8,12.81,12.49,12.49,0,0,0,0
248,2016-07-31,12.49,12.52,11.5,11.88,0,0,0,0
249,2016-08-01,11.88,12.01,9.2,10.9,1,0,0,0
250,2016-08-02,10.9,11.15,7.0,8.6,1,1,1,0
251,2016-08-03,8.6,10.5,8.503,10.37,1,1,0,1
252,2016-08-04,10.37,11.61,10.16,11.21,0,0,0,1
253,2016-08-05,11.21,11.32,10.67,10.91,1,1,1,0
254,2016-08-06,10.91,11.0,10.33,10.94,0,0,0,1
255,2016-08-07,10.94,11.2,10.8,10.98,0,0,0,1
256,2016-08-08,10.98,11.5,10.84,11.23,1,1,0,1
257,2016-08-09,11.23,12.47,11.2,12.24,0,0,0,1
258,2016-08-10,12.24,12.5,11.9,12.23,0,0,0,0
259,2016-08-11,12.23,12.48,11.65,11.71,1,0,1,0
260,2016-08-12,11.71,12.09,11.59,11.69,0,0,0,0
261,2016-08-13,11.69,11.81,11.45,11.54,0,0,0,0
262,2016-08-14,11.54,11.72,11.08,11.16,0,0,1,0
263,2016-08-15,11.16,11.43,10.94,11.18,0,0,1,1
264,2016-08-16,11.18,11.51,11.02,11.21,0,0,1,1
265,2016-08-17,11.21,11.21,10.71,10.78,0,0,1,0
266,2016-08-18,10.78,11.08,10.74,10.8,0,0,1,1
267,2016-08-19,10.8,10.83,10.66,10.66,0,0,1,0
268,2016-08-20,10.66,11.38,10.66,11.3,1,0,1,1
269,2016-08-21,11.3,11.3,11.0,11.17,0,0,1,0
270,2016-08-22,11.17,11.34,11.04,11.04,0,0,1,0
271,2016-08-23,11.04,11.22,10.9,11.08,0,0,0,1
272,2016-08-24,11.08,11.19,10.8,11.09,0,0,0,1
273,2016-08-25,11.09,11.34,11.0,11.34,1,0,0,1
274,2016-08-26,11.34,11.4,11.15,11.27,1,0,0,0
275,2016-08-27,11.27,11.3,11.15,11.16,1,0,0,0
276,2016-08-28,11.16,11.2,11.02,11.02,0,0,0,0
277,2016-08-29,11.02,11.16,10.84,10.95,0,0,0,0
278,2016-08-30,10.95,11.35,10.95,11.3,1,0,0,1
279,2016-08-31,11.3,11.78,11.1,11.61,1,0,0,1
280,2016-09-01,11.61,12.55,11.6,12.0,0,0,0,1
281,2016-09-02,12.0,12.34,11.83,12.13,0,0,0,1
282,2016-09-03,12.13,12.38,11.57,11.89,0,0,1,0
283,2016-09-04,11.89,11.9,11.47,11.6,0,0,0,0
284,2016-09-05,11.6,11.84,11.57,11.79,0,0,0,1
285,2016-09-06,11.79,11.8,11.42,11.66,0,0,0,0
286,2016-09-07,11.66,11.8,11.45,11.58,0,0,0,0
287,2016-09-08,11.58,11.84,11.35,11.4,0,0,0,0
288,2016-09-09,11.4,11.94,11.4,11.7,0,0,0,1
289,2016-09-10,11.7,12.24,11.45,12.24,0,0,0,1
290,2016-09-11,12.24,12.24,11.63,11.75,0,0,1,0
291,2016-09-12,11.75,12.02,11.68,11.96,0,0,1,1
292,2016-09-13,11.96,12.2,11.89,11.96,0,0,1,0
293,2016-09-14,11.96,12.12,11.71,11.96,0,0,1,0
294,2016-09-15,11.96,12.23,11.91,12.08,1,0,1,1
295,2016-09-16,12.08,12.9,11.95,12.55,1,0,1,1
296,2016-09-17,12.55,12.83,12.48,12.81,1,0,1,1
297,2016-09-18,12.81,13.05,12.12,12.5,0,0,1,0
298,2016-09-19,12.5,13.25,12.48,13.2,1,0,0,1
299,2016-09-20,13.2,14.45,13.12,14.44,1,1,0,1
300,2016-09-21,14.44,14.44,13.15,13.79,0,0,1,0
301,2016-09-22,13.79,13.79,12.3,13.25,1,0,0,0
302,2016-09-23,13.25,13.49,13.1,13.31,1,0,0,1
303,2016-09-24,13.31,13.32,12.56,12.9,1,0,0,0
304,2016-09-25,12.9,13.16,12.82,13.04,1,0,0,1
305,2016-09-26,13.04,13.2,12.71,12.82,1,0,0,0
306,2016-09-27,12.82,13.34,12.82,13.05,0,0,0,1
307,2016-09-28,13.05,13.5,13.0,13.27,1,0,0,1
308,2016-09-29,13.27,13.39,13.06,13.09,1,0,1,0
309,2016-09-30,13.09,13.43,13.06,13.27,1,0,0,1
310,2016-10-01,13.27,13.32,13.1,13.25,1,0,0,0
311,2016-10-02,13.25,13.37,13.15,13.16,1,0,0,0
312,2016-10-03,13.16,13.46,13.14,13.44,1,0,0,1
313,2016-10-04,13.44,13.51,13.21,13.26,1,0,0,0
314,2016-10-05,13.26,13.41,13.02,13.02,1,0,0,0
315,2016-10-06,13.02,13.21,12.65,12.88,1,0,0,0
316,2016-10-07,12.88,13.0,12.53,12.73,1,0,0,0
317,2016-10-08,12.73,12.8,12.04,12.25,1,0,1,0
318,2016-10-09,12.25,12.39,11.9,12.07,0,0,1,0
319,2016-10-10,12.07,12.07,11.6,11.77,0,0,1,0
320,2016-10-11,11.77,12.24,11.71,11.82,0,0,1,1
321,2016-10-12,11.82,12.09,11.7,11.86,0,0,1,1
322,2016-10-13,11.86,12.08,11.79,11.91,0,0,1,1
323,2016-10-14,11.91,12.05,11.84,11.93,0,0,1,1
324,2016-10-15,11.93,12.0,11.7,11.99,1,1,1,1
325,2016-10-16,11.99,12.05,11.84,11.98,1,1,0,0
326,2016-10-17,11.98,12.03,11.83,12.02,1,1,0,1
327,2016-10-18,12.02,12.9,12.0,12.48,1,1,0,1
328,2016-10-19,12.48,12.66,11.89,12.04,1,1,0,0
329,2016-10-20,12.04,12.3,12.01,12.05,1,1,0,1
330,2016-10-21,12.05,12.18,12.05,12.16,1,1,0,1
331,2016-10-22,12.16,12.29,12.02,12.21,1,1,0,1
332,2016-10-23,12.21,12.28,12.02,12.02,1,1,0,0
333,2016-10-24,12.02,12.09,11.93,11.98,0,0,0,0
334,2016-10-25,11.98,11.98,11.12,11.35,1,1,1,0
335,2016-10-26,11.35,11.67,11.3,11.51,0,0,0,1
336,2016-10-27,11.51,11.57,11.16,11.5,0,0,0,0
337,2016-10-28,11.5,11.66,10.91,11.11,0,0,1,0
338,2016-10-29,11.11,11.19,9.238,10.43,1,1,1,0
339,2016-10-30,10.43,11.42,10.21,11.26,0,0,0,1
340,2016-10-31,11.26,12.0,10.9,10.9,0,0,0,0
341,2016-11-01,10.9,11.17,10.37,10.77,0,0,0,0
342,2016-11-02,10.77,11.2,10.7,10.85,0,0,0,1
343,2016-11-03,10.85,11.15,10.7,10.92,0,0,0,1
344,2016-11-04,10.92,11.23,10.82,11.13,1,1,0,1
345,2016-11-05,11.13,11.25,11.0,11.08,1,1,1,0
346,2016-11-06,11.08,11.23,10.94,10.95,0,0,1,0
347,2016-11-07,10.95,11.06,10.82,10.88,1,1,1,0
348,2016-11-08,10.88,11.04,10.8,10.88,0,0,1,0
349,2016-11-09,10.88,10.88,10.2,10.69,0,0,1,0
350,2016-11-10,10.69,10.72,10.5,10.5,0,0,1,0
351,2016-11-11,10.5,10.61,10.26,10.26,0,0,1,0
352,2016-11-12,10.26,10.37,9.56,9.75,0,0,1,0
353,2016-11-13,9.75,10.37,9.75,10.12,0,0,0,1
354,2016-11-14,10.12,10.17,9.84,10.03,0,0,0,0
355,2016-11-15,10.03,10.37,9.85,10.16,0,0,0,1
356,2016-11-16,10.16,10.37,9.9,10.04,0,0,0,0
357,2016-11-17,10.04,10.22,9.9,9.92,0,0,0,0
358,2016-11-18,9.92,10.06,9.4,9.48,0,0,0,0
359,2016-11-19,9.48,9.773,9.48,9.738,0,0,0,1
360,2016-11-20,9.738,9.738,9.5,9.5,0,0,0,0
361,2016-11-21,9.5,9.67,9.49,9.643,0,0,0,1
362,2016-11-22,9.643,10.3,9.532,9.881,0,0,0,1
363,2016-11-23,9.881,9.935,9.701,9.804,1,1,1,0
364,2016-11-24,9.804,9.804,8.671,9.208,1,1,1,0
365,2016-11-25,9.208,9.789,9.19,9.411,0,0,0,1
366,2016-11-26,9.411,9.536,9.25,9.29,1,1,0,0
367,2016-11-27,9.29,9.312,8.6,8.992,0,0,0,0
368,2016-11-28,8.992,9.049,8.45,8.677,0,0,1,0
369,2016-11-29,8.677,8.697,7.8,8.143,1,1,1,0
370,2016-11-30,8.143,8.699,8.0,8.554,0,0,0,1
371,2016-12-01,8.554,8.68,8.211,8.403,0,0,1,0
372,2016-12-02,8.403,8.403,7.361,7.644,1,1,1,0
373,2016-12-03,7.644,8.14,7.5,7.827,0,0,1,1
374,2016-12-04,7.827,7.9,7.35,7.361,0,0,0,0
375,2016-12-05,7.361,7.65,6.552,6.776,0,0,0,0
376,2016-12-06,6.776,7.899,5.92,7.758,0,0,0,1
377,2016-12-07,7.758,8.574,7.272,8.324,0,0,0,1
378,2016-12-08,8.324,8.899,8.199,8.199,0,0,1,0
379,2016-12-09,8.199,8.65,8.0,8.356,0,0,1,1
380,2016-12-10,8.356,8.66,8.01,8.15,1,1,1,0
381,2016-12-11,8.15,8.271,8.08,8.228,1,1,0,1
382,2016-12-12,8.228,8.6,8.134,8.52,1,1,0,1
383,2016-12-13,8.52,8.52,8.257,8.394,1,0,0,0
384,2016-12-14,8.394,8.5,8.196,8.213,0,0,0,0
385,2016-12-15,8.213,8.33,7.73,7.757,0,0,0,0
386,2016-12-16,7.757,7.95,7.75,7.817,0,0,0,1
387,2016-12-17,7.817,7.949,7.503,7.88,0,0,0,1
388,2016-12-18,7.88,7.969,7.743,7.88,0,0,0,0
389,2016-12-19,7.88,7.898,7.58,7.616,0,0,1,0
390,2016-12-20,7.616,7.775,7.521,7.654,0,0,0,1
391,2016-12-21,7.654,7.986,7.6,7.828,0,0,0,1
392,2016-12-22,7.828,7.86,7.51,7.575,0,0,0,0
393,2016-12-23,7.575,7.67,7.105,7.133,1,1,1,0
394,2016-12-24,7.133,7.495,7.112,7.26,0,0,0,1
395,2016-12-25,7.26,7.319,7.154,7.154,1,1,0,0
396,2016-12-26,7.154,7.3,7.01,7.256,0,0,0,1
397,2016-12-27,7.256,7.336,7.071,7.21,0,0,0,0
398,2016-12-28,7.21,7.734,7.04,7.548,0,0,0,1
399,2016-12-29,7.548,8.562,7.548,8.364,0,0,1,1
400,2016-12-30,8.364,8.499,8.021,8.2,0,0,1,0
401,2016-12-31,8.2,8.215,7.949,8.07,1,1,1,0
402,2017-01-01,8.07,8.561,8.051,8.2,0,0,1,1
403,2017-01-02,8.2,8.475,8.1,8.396,1,1,1,1
404,2017-01-03,8.396,10.1,8.257,9.567,0,0,1,1
405,2017-01-04,9.567,11.12,9.42,11.02,0,0,1,1
406,2017-01-05,11.02,11.64,9.1,10.32,0,0,1,0
407,2017-01-06,10.32,10.5,9.5,10.16,0,0,1,0
408,2017-01-07,10.16,10.18,9.54,9.871,1,1,1,0
409,2017-01-08,9.871,10.47,9.762,10.28,0,0,0,1
410,2017-01-09,10.28,10.84,10.1,10.4,0,0,0,1
411,2017-01-10,10.4,10.71,10.2,10.52,0,0,0,1
412,2017-01-11,10.52,10.69,9.6,9.8,0,0,0,0
413,2017-01-12,9.8,10.19,9.161,9.75,0,0,0,0
414,2017-01-13,9.75,9.859,9.401,9.798,0,0,0,1
415,2017-01-14,9.798,9.9,9.602,9.602,0,0,1,0
416,2017-01-15,9.602,9.882,9.602,9.791,0,0,1,1
417,2017-01-16,9.791,9.872,9.591,9.608,0,0,1,0
418,2017-01-17,9.608,10.69,9.608,10.23,0,0,0,1
419,2017-01-18,10.23,10.5,9.9,10.35,0,0,0,1
420,2017-01-19,10.35,10.6,10.2,10.45,0,0,0,1
421,2017-01-20,10.45,10.79,10.25,10.62,0,0,0,1
422,2017-01-21,10.62,11.0,10.57,10.92,1,1,0,1
423,2017-01-22,10.92,11.0,10.54,10.79,1,1,0,0
424,2017-01-23,10.79,11.2,10.61,10.81,1,1,0,1
425,2017-01-24,10.81,10.81,10.45,10.5,1,1,1,0
426,2017-01-25,10.5,10.67,10.41,10.51,0,0,1,1
427,2017-01-26,10.51,10.69,10.44,10.54,0,0,1,1
428,2017-01-27,10.54,10.65,10.38,10.59,0,0,1,1
429,2017-01-28,10.59,10.6,10.4,10.53,0,0,1,0
430,2017-01-29,10.53,10.55,10.41,10.43,0,0,1,0
431,2017-01-30,10.43,10.73,10.42,10.44,0,0,1,1
432,2017-01-31,10.44,10.77,10.44,10.67,1,1,1,1
433,2017-02-01,10.67,10.8,10.53,10.59,1,1,1,0
434,2017-02-02,10.59,10.86,10.56,10.77,1,1,0,1
435,2017-02-03,10.77,10.98,10.56,10.98,1,1,0,1
436,2017-02-04,10.98,11.47,10.98,11.35,1,1,0,1
437,2017-02-05,11.35,11.37,11.14,11.25,1,1,0,0
438,2017-02-06,11.25,11.36,11.17,11.3,1,1,0,1
439,2017-02-07,11.3,11.54,11.28,11.43,1,1,0,1
440,2017-02-08,11.43,11.54,11.11,11.39,1,1,0,0
441,2017-02-09,11.39,11.5,10.49,10.94,1,1,0,0
442,2017-02-10,10.94,11.41,10.8,11.35,1,1,0,1
443,2017-02-11,11.35,11.45,11.25,11.42,1,1,0,1
444,2017-02-12,11.42,11.42,11.25,11.36,1,1,1,0
445,2017-02-13,11.36,11.39,11.16,11.31,1,1,1,0
446,2017-02-14,11.31,13.59,11.31,13.18,1,1,0,1
447,2017-02-15,13.18,13.18,12.6,13.0,1,1,0,0
448,2017-02-16,13.0,13.03,12.49,12.9,1,1,0,0
449,2017-02-17,12.9,12.91,12.67,12.7,1,1,0,0
450,2017-02-18,12.7,12.91,12.7,12.8,1,1,0,1
451,2017-02-19,12.8,12.89,12.69,12.81,1,1,0,1
452,2017-02-20,12.81,12.91,12.43,12.47,1,1,1,0
453,2017-02-21,12.47,12.84,12.23,12.78,1,1,0,1
454,2017-02-22,12.78,12.8,12.63,12.7,1,0,1,0
455,2017-02-23,12.7,13.3,12.63,13.09,1,0,1,1
456,2017-02-24,13.09,13.3,12.56,13.04,1,0,1,0
457,2017-02-25,13.04,13.75,13.0,13.57,1,1,1,1
458,2017-02-26,13.57,14.47,13.33,14.44,1,1,1,1
459,2017-02-27,14.44,15.74,14.25,15.37,1,1,1,1
460,2017-02-28,15.37,16.06,15.01,15.63,1,1,1,1
461,2017-03-01,15.63,17.3,15.45,17.3,1,1,1,1
462,2017-03-02,17.3,19.23,16.05,18.99,1,1,0,1
463,2017-03-03,18.99,20.49,16.75,19.11,1,1,0,1
464,2017-03-04,19.11,19.9,18.35,18.59,0,0,0,0
465,2017-03-05,18.59,19.47,17.9,19.03,0,0,0,1
466,2017-03-06,19.03,20.0,18.8,19.5,0,0,0,1
467,2017-03-07,19.5,19.79,18.35,18.82,1,1,0,0
468,2017-03-08,18.82,18.82,16.4,16.4,1,1,1,0
469,2017-03-09,16.4,17.99,15.56,17.6,1,1,1,1
470,2017-03-10,17.6,19.76,15.9,19.25,1,1,1,1
471,2017-03-11,19.25,21.4,18.65,21.29,1,1,1,1
472,2017-03-12,21.29,23.4,21.0,23.3,1,1,1,1
473,2017-03-13,23.3,30.68,23.16,28.2,1,1,1,1
474,2017-03-14,28.2,29.83,26.4,28.37,1,1,1,1
475,2017-03-15,28.37,34.88,28.0,34.75,1,1,1,1
476,2017-03-16,34.75,45.0,33.18,44.89,1,1,1,1
477,2017-03-17,44.89,51.9,33.1,42.53,0,0,1,0
478,2017-03-18,42.53,44.0,30.3,33.2,1,1,1,0
479,2017-03-19,33.2,44.97,32.51,42.36,1,1,1,1
480,2017-03-20,42.36,44.74,40.21,41.89,0,0,1,0
481,2017-03-21,41.89,43.2,41.02,42.48,0,0,1,1
482,2017-03-22,42.48,42.7,37.6,41.25,0,0,1,0
483,2017-03-23,41.25,44.0,40.0,42.7,1,1,1,1
484,2017-03-24,42.7,52.9,42.52,51.99,1,1,1,1
485,2017-03-25,51.99,52.57,46.7,50.0,0,0,1,0
486,2017-03-26,50.0,50.94,47.9,50.0,1,1,1,0
487,2017-03-27,50.0,51.2,48.05,48.72,0,0,1,0
488,2017-03-28,48.72,50.5,48.11,50.24,1,1,1,1
489,2017-03-29,50.24,53.98,50.0,53.01,1,1,1,1
490,2017-03-30,53.01,54.98,51.1,51.9,1,1,0,0
491,2017-03-31,51.9,51.9,46.6,49.7,0,0,0,0
492,2017-04-01,49.7,51.8,48.57,50.64,1,1,0,1
493,2017-04-02,50.64,51.27,47.38,48.5,0,0,0,0
494,2017-04-03,48.5,48.5,42.61,44.12,0,0,1,0
495,2017-04-04,44.12,45.79,41.19,44.75,0,0,0,1
496,2017-04-05,44.75,47.19,44.03,45.29,0,0,0,1
497,2017-04-06,45.29,45.95,41.01,43.41,1,0,0,0
498,2017-04-07,43.41,44.81,41.75,42.24,1,0,1,0
499,2017-04-08,42.24,45.8,42.07,44.33,0,0,0,1
500,2017-04-09,44.33,45.0,43.21,43.94,0,0,1,0
501,2017-04-10,43.94,44.8,42.1,43.7,0,0,0,0
502,2017-04-11,43.7,44.6,43.52,43.95,0,0,0,1
503,2017-04-12,43.95,47.95,42.72,46.5,1,0,0,1
504,2017-04-13,46.5,50.96,46.2,50.09,1,0,0,1
505,2017-04-14,50.09,50.09,46.56,47.33,1,0,1,0
506,2017-04-15,47.33,49.6,47.05,49.33,1,0,0,1
507,2017-04-16,49.33,49.33,47.5,48.56,1,0,0,0
508,2017-04-17,48.56,48.98,47.5,47.8,1,0,1,0
509,2017-04-18,47.8,50.73,47.61,49.91,1,0,1,1
510,2017-04-19,49.91,50.45,45.28,48.0,1,0,1,0
511,2017-04-20,48.0,49.55,47.26,49.31,1,0,1,1
512,2017-04-21,49.31,49.45,48.0,48.2,1,0,1,0
513,2017-04-22,48.2,48.75,47.5,48.2,1,0,1,0
514,2017-04-23,48.2,48.74,47.6,48.5,1,0,1,1
515,2017-04-24,48.5,50.34,48.4,49.56,1,0,1,1
516,2017-04-25,49.56,50.49,49.55,49.9,1,0,1,1
517,2017-04-26,49.9,54.2,49.8,53.24,1,0,0,1
518,2017-04-27,53.24,63.06,52.01,63.0,1,0,1,1
519,2017-04-28,63.0,72.25,61.12,71.3,1,1,0,1
520,2017-04-29,71.3,72.44,66.31,68.78,1,1,0,0
521,2017-04-30,68.78,78.68,68.34,78.37,1,1,1,1
522,2017-05-01,78.37,81.3,70.0,74.4,0,0,1,0
523,2017-05-02,74.4,78.0,73.09,76.54,1,1,1,1
524,2017-05-03,76.54,81.3,75.24,80.4,0,0,0,1
525,2017-05-04,80.4,94.98,79.5,94.4,0,0,0,1
526,2017-05-05,94.4,97.0,85.0,89.9,0,0,0,0
527,2017-05-06,89.9,93.79,89.01,92.81,0,0,0,1
528,2017-05-07,92.81,94.86,26.0,87.4,0,0,0,0
529,2017-05-08,87.4,91.8,70.0,87.08,0,0,0,0
530,2017-05-09,87.08,88.5,73.15,86.98,1,1,1,0
531,2017-05-10,86.98,91.8,85.5,88.41,1,1,0,1
532,2017-05-11,88.41,90.25,86.5,88.08,1,1,0,0
533,2017-05-12,88.08,90.25,84.0,84.88,1,1,0,0
534,2017-05-13,84.88,88.88,81.75,88.1,1,1,0,1
535,2017-05-14,88.1,90.0,85.0,88.34,1,1,1,1
536,2017-05-15,88.34,94.31,87.99,90.87,1,1,1,1
537,2017-05-16,90.87,92.78,87.4,88.03,1,1,1,0
538,2017-05-17,88.03,89.35,83.23,87.7,1,1,1,0
539,2017-05-18,87.7,96.49,87.68,96.09,1,0,1,1
540,2017-05-19,96.09,129.22,96.0,123.0,1,1,1,1
541,2017-05-20,123.0,128.62,119.56,122.21,1,1,1,0
542,2017-05-21,122.21,145.87,121.14,145.25,1,1,1,1
543,2017-05-22,145.25,175.71,133.0,155.6,1,1,1,1
544,2017-05-23,155.6,172.8,150.1,166.95,1,1,1,1
545,2017-05-24,166.95,197.67,166.0,185.24,1,1,1,1
546,2017-05-25,185.24,207.55,160.09,168.0,0,0,1,0
547,2017-05-26,168.0,194.25,142.23,158.5,0,0,1,0
548,2017-05-27,158.5,166.0,110.0,151.61,0,0,1,0
549,2017-05-28,151.61,180.0,151.0,168.29,1,1,1,1
550,2017-05-29,168.29,197.89,160.0,193.3,1,1,1,1
551,2017-05-30,193.3,230.08,186.0,226.11,1,1,1,1
552,2017-05-31,226.11,235.0,206.41,228.5,0,0,1,1
553,2017-06-01,228.5,234.58,208.02,219.0,0,0,1,0
554,2017-06-02,219.0,227.99,215.5,221.54,0,0,1,1
555,2017-06-03,221.54,226.0,219.01,224.23,1,1,1,1
556,2017-06-04,224.23,249.99,223.0,245.35,1,1,1,1
557,2017-06-05,245.35,249.7,241.0,247.6,1,1,0,1
558,2017-06-06,247.6,268.7,244.6,263.6,1,1,0,1
559,2017-06-07,263.6,265.0,244.0,256.19,1,1,0,0
560,2017-06-08,256.19,262.0,250.0,260.25,1,1,0,1
561,2017-06-09,260.25,279.93,259.75,279.85,1,1,1,1
562,2017-06-10,279.85,340.44,279.0,326.0,1,1,1,1
563,2017-06-11,326.0,347.44,304.89,333.1,1,1,1,1
564,2017-06-12,333.1,404.99,305.0,385.0,0,0,0,1
565,2017-06-13,385.0,398.0,357.0,386.13,0,0,0,1
566,2017-06-14,386.13,393.0,322.0,347.24,0,0,1,0
567,2017-06-15,347.24,351.63,265.0,345.99,0,0,1,0
568,2017-06-16,345.99,361.32,315.1,354.17,1,1,1,1
569,2017-06-17,354.17,369.9,341.96,368.95,0,0,1,1
570,2017-06-18,368.95,381.11,339.0,349.5,0,0,1,0
571,2017-06-19,349.5,362.5,345.97,356.48,0,0,1,1
572,2017-06-20,356.48,365.99,307.0,348.5,0,0,0,0
573,2017-06-21,348.5,353.12,288.0,324.48,0,0,1,0
574,2017-06-22,324.48,330.0,307.42,321.6,0,0,0,0
575,2017-06-23,321.6,330.13,316.44,325.5,0,0,0,1
576,2017-06-24,325.5,329.79,296.0,302.15,0,0,0,0
577,2017-06-25,302.15,308.23,250.02,277.0,0,0,1,0
578,2017-06-26,277.0,287.0,203.0,254.49,0,0,1,0
579,2017-06-27,254.49,284.0,208.75,283.66,0,0,0,1
580,2017-06-28,283.66,324.5,260.0,316.2,0,0,0,1
581,2017-06-29,316.2,323.9,285.0,293.0,0,0,1,0
582,2017-06-30,293.0,305.0,267.5,280.0,0,0,1,0
583,2017-07-01,280.0,281.83,250.56,256.0,1,1,1,0
584,2017-07-02,256.0,294.75,250.0,284.0,0,0,0,1
585,2017-07-03,284.0,286.51,271.0,276.1,0,0,0,0
586,2017-07-04,276.1,284.43,262.12,268.4,0,0,1,0
587,2017-07-05,268.4,277.45,253.81,266.3,0,0,0,0
588,2017-07-06,266.3,276.0,261.0,266.49,0,0,0,1
589,2017-07-07,266.49,267.0,236.5,240.98,1,1,1,0
590,2017-07-08,240.98,249.0,230.0,245.0,0,0,1,1
591,2017-07-09,245.0,250.77,235.0,236.4,0,0,1,0
592,2017-07-10,236.4,240.3,186.0,210.0,1,1,1,0
593,2017-07-11,210.0,215.99,173.02,190.99,1,1,1,0
594,2017-07-12,190.99,229.0,180.5,223.0,0,0,1,1
595,2017-07-13,223.0,227.1,192.13,204.8,1,1,1,0
596,2017-07-14,204.8,206.79,183.11,197.0,1,1,1,0
597,2017-07-15,197.0,199.0,168.6,168.6,1,0,1,0
598,2017-07-16,168.6,171.82,134.78,155.2,1,0,1,0
599,2017-07-17,155.2,190.0,154.0,188.72,1,1,1,1
600,2017-07-18,188.72,271.4,178.0,228.0,0,0,1,1
601,2017-07-19,228.0,246.0,185.3,193.5,1,1,1,0
602,2017-07-20,193.5,237.0,193.0,227.49,0,0,0,1
603,2017-07-21,227.49,239.0,209.85,216.0,1,1,0,0
604,2017-07-22,216.0,237.0,214.31,230.13,0,0,0,1
605,2017-07-23,230.13,235.0,220.12,229.85,0,0,0,0
606,2017-07-24,229.85,231.9,224.02,225.8,0,0,1,0
607,2017-07-25,225.8,226.38,191.71,204.0,1,0,1,0
608,2017-07-26,204.0,209.0,193.21,202.21,0,0,1,0
609,2017-07-27,202.21,205.6,198.64,203.1,0,0,0,1
610,2017-07-28,203.1,204.39,188.46,191.55,1,0,1,0
611,2017-07-29,191.55,210.28,177.8,207.14,0,0,0,1
612,2017-07-30,207.14,211.0,195.8,198.45,0,0,1,0
613,2017-07-31,198.45,203.0,190.19,201.78,1,1,0,1
614,2017-08-01,201.78,237.66,201.69,226.25,0,0,0,1
615,2017-08-02,226.25,229.36,215.5,218.49,0,0,0,0
616,2017-08-03,218.49,228.0,217.56,225.4,0,0,0,1
617,2017-08-04,225.4,228.6,220.5,222.5,0,0,1,0
618,2017-08-05,222.5,259.16,221.0,253.5,0,0,1,1
619,2017-08-06,253.5,274.0,253.0,265.67,0,0,1,1
620,2017-08-07,265.67,274.5,258.35,269.8,0,0,1,1
621,2017-08-08,269.8,298.33,266.43,296.98,0,0,1,1
622,2017-08-09,296.98,316.93,280.21,297.78,0,0,1,1
623,2017-08-10,297.78,312.97,291.0,300.2,1,1,1,1
624,2017-08-11,300.2,314.1,296.1,311.5,0,0,1,1
625,2017-08-12,311.5,320.0,303.7,309.5,0,0,1,0
626,2017-08-13,309.5,311.0,288.3,298.0,0,0,1,0
627,2017-08-14,298.0,306.42,294.0,302.7,0,0,0,1
628,2017-08-15,302.7,302.7,271.0,286.65,1,1,1,0
629,2017-08-16,286.65,304.39,280.9,302.26,0,0,0,1
630,2017-08-17,302.26,311.69,297.0,300.79,0,0,0,0
631,2017-08-18,300.79,306.5,287.64,293.0,0,0,0,0
632,2017-08-19,293.0,300.93,285.75,294.63,0,0,0,1
633,2017-08-20,294.63,299.59,290.0,299.45,0,0,0,1
634,2017-08-21,299.45,345.99,296.1,322.0,0,0,0,1
635,2017-08-22,322.0,331.0,295.12,314.52,0,0,1,0
636,2017-08-23,314.52,328.0,314.18,317.31,0,0,0,1
637,2017-08-24,317.31,328.0,316.0,326.65,0,0,0,1
638,2017-08-25,326.65,339.66,325.02,331.21,0,0,0,1
639,2017-08-26,331.21,335.5,326.3,332.65,0,0,0,1
640,2017-08-27,332.65,347.85,331.86,347.6,0,0,0,1
641,2017-08-28,347.6,349.87,334.94,347.54,0,0,0,0
642,2017-08-29,347.54,374.75,346.3,371.99,0,0,0,1
643,2017-08-30,371.99,389.5,363.99,383.5,0,0,0,1
644,2017-08-31,383.5,390.0,380.28,388.0,0,0,1,1
645,2017-09-01,388.0,395.0,387.0,390.01,0,0,1,1
646,2017-09-02,390.01,391.0,326.16,354.89,0,0,1,0
647,2017-09-03,354.89,372.0,338.0,354.26,0,0,1,0
648,2017-09-04,354.26,354.3,281.3,307.96,0,0,1,0
649,2017-09-05,307.96,329.99,284.07,322.98,0,0,1,1
650,2017-09-06,322.98,348.04,322.41,341.84,0,0,1,1
651,2017-09-07,341.84,342.51,325.0,337.96,0,0,1,0
652,2017-09-08,337.96,337.96,295.22,310.27,0,0,1,0
653,2017-09-09,310.27,312.0,293.5,304.74,0,0,1,0
654,2017-09-10,304.74,311.2,285.52,301.54,0,0,1,0
655,2017-09-11,301.54,311.89,290.0,297.64,0,0,0,0
656,2017-09-12,297.64,317.98,287.98,294.0,0,0,0,0
657,2017-09-13,294.0,294.9,257.0,276.21,0,0,1,0
658,2017-09-14,276.21,281.0,218.31,223.85,1,1,1,0
659,2017-09-15,223.85,267.39,201.28,259.42,0,0,1,1
660,2017-09-16,259.42,274.9,247.0,254.81,0,0,0,0
661,2017-09-17,254.81,266.0,240.0,259.1,0,0,0,1
662,2017-09-18,259.1,301.44,259.0,297.98,0,0,0,1
663,2017-09-19,297.98,300.0,278.12,282.61,1,1,1,0
664,2017-09-20,282.61,294.97,276.58,282.36,0,0,0,0
665,2017-09-21,282.36,287.75,250.11,258.8,1,1,1,0
666,2017-09-22,258.8,271.49,253.58,262.92,0,0,0,1
667,2017-09-23,262.92,286.96,258.26,285.99,0,0,0,1
668,2017-09-24,285.99,294.7,276.47,282.95,0,0,0,0
669,2017-09-25,282.95,297.0,282.42,295.0,0,0,0,1
670,2017-09-26,295.0,296.0,287.0,287.9,0,0,0,0
671,2017-09-27,287.9,313.0,287.15,310.33,0,0,0,1
672,2017-09-28,310.33,311.0,297.95,302.7,0,0,1,0
673,2017-09-29,302.7,303.93,278.0,292.4,0,0,1,0
674,2017-09-30,292.4,306.96,292.0,302.2,0,0,1,1
675,2017-10-01,302.2,305.0,294.23,303.5,0,0,1,1
676,2017-10-02,303.5,303.5,293.39,296.66,0,0,1,0
677,2017-10-03,296.66,300.25,287.0,291.17,0,0,1,0
678,2017-10-04,291.17,295.82,289.3,292.0,0,0,1,1
679,2017-10-05,292.0,298.0,287.64,294.77,0,0,1,1
680,2017-10-06,294.77,309.0,294.0,308.7,1,0,1,1
681,2017-10-07,308.7,314.44,304.31,310.57,0,0,0,1
682,2017-10-08,310.57,312.99,307.02,308.59,0,0,0,0
683,2017-10-09,308.59,309.3,287.0,296.9,0,0,0,0
684,2017-10-10,296.9,305.0,291.74,298.02,0,0,0,1
685,2017-10-11,298.02,305.0,297.0,303.0,0,0,0,1
686,2017-10-12,303.0,307.95,301.55,302.12,0,0,0,0
687,2017-10-13,302.12,346.88,298.28,336.98,1,0,0,1
688,2017-10-14,336.98,347.97,333.32,337.99,0,0,0,1
689,2017-10-15,337.99,342.0,321.0,335.71,0,0,1,0
690,2017-10-16,335.71,349.5,331.0,333.42,0,0,1,0
691,2017-10-17,333.42,334.0,311.41,316.83,0,0,1,0
692,2017-10-18,316.83,317.53,290.5,314.36,0,0,0,0
693,2017-10-19,314.36,317.83,304.41,307.87,0,0,0,0
694,2017-10-20,307.87,313.69,300.0,302.11,0,0,0,0
695,2017-10-21,302.11,302.71,292.11,300.11,0,0,0,0
696,2017-10-22,300.11,307.0,292.0,294.8,0,0,0,0
697,2017-10-23,294.8,294.8,276.0,285.17,0,0,0,0
698,2017-10-24,285.17,313.67,281.0,298.4,0,0,0,1
699,2017-10-25,298.4,303.11,290.8,296.87,0,0,1,0
700,2017-10-26,296.87,301.51,295.0,295.52,0,0,1,0
701,2017-10-27,295.52,299.78,293.0,297.06,0,0,1,1
702,2017-10-28,297.06,297.88,293.04,295.14,0,0,1,0
703,2017-10-29,295.14,310.0,293.05,303.95,0,0,1,1
704,2017-10-30,303.95,310.0,302.26,306.2,0,0,1,1
705,2017-10-31,306.2,309.4,304.12,304.12,0,0,1,0
706,2017-11-01,304.12,305.82,290.0,290.1,0,0,1,0
707,2017-11-02,290.1,293.0,277.7,283.75,0,0,1,0
708,2017-11-03,283.75,309.0,283.38,304.17,1,0,0,1
709,2017-11-04,304.17,305.0,294.0,299.41,1,0,0,0
710,2017-11-05,299.41,300.57,293.01,294.62,1,0,0,0
711,2017-11-06,294.62,304.21,291.3,298.5,0,0,0,1
712,2017-11-07,298.5,303.3,287.28,292.07,0,0,0,0
713,2017-11-08,292.07,320.59,291.06,308.38,1,0,0,1
714,2017-11-09,308.38,330.0,307.1,319.76,1,0,0,1
715,2017-11-10,319.76,324.99,292.0,298.0,1,0,1,0
716,2017-11-11,298.0,323.0,296.99,313.65,0,0,0,1
717,2017-11-12,313.65,317.96,295.0,305.13,0,0,1,0
718,2017-11-13,305.13,317.0,304.13,314.83,0,0,0,1
719,2017-11-14,314.83,337.0,314.64,335.0,1,0,0,1
720,2017-11-15,335.0,338.7,321.53,329.31,1,0,0,0
721,2017-11-16,329.31,333.79,315.59,325.98,1,0,0,0
722,2017-11-17,325.98,334.18,323.5,331.0,1,0,0,1
723,2017-11-18,331.0,349.5,325.77,345.1,1,0,0,1
724,2017-11-19,345.1,364.91,340.1,351.11,1,0,0,1
725,2017-11-20,351.11,369.99,350.01,366.52,1,0,0,1
726,2017-11-21,366.52,371.44,345.5,361.01,1,1,1,0
727,2017-11-22,361.01,379.9,359.0,379.5,1,1,1,1
728,2017-11-23,379.5,419.98,372.14,408.75,1,1,1,1
729,2017-11-24,408.75,469.98,395.08,466.99,1,1,1,1
730,2017-11-25,466.99,470.0,452.01,460.5,1,1,1,0
731,2017-11-26,460.5,465.0,445.0,464.19,1,1,1,1
732,2017-11-27,464.19,475.0,457.0,469.4,1,1,1,1
733,2017-11-28,469.4,469.9,455.56,461.56,1,1,1,0
734,2017-11-29,461.56,498.9,411.0,424.0,0,0,1,0
735,2017-11-30,424.0,458.76,402.61,439.25,1,1,1,1
736,2017-12-01,439.25,470.0,417.65,462.0,1,1,0,1
737,2017-12-02,462.0,469.0,450.26,456.65,1,0,0,0
738,2017-12-03,456.65,477.8,451.0,463.09,1,0,0,1
739,2017-12-04,463.09,472.0,455.56,467.0,1,0,0,1
740,2017-12-05,467.0,469.83,455.56,456.0,1,0,0,0
741,2017-12-06,456.0,463.43,413.01,417.01,1,0,0,0
742,2017-12-07,417.01,440.93,406.42,408.54,1,0,0,0
743,2017-12-08,408.54,454.98,402.0,445.31,1,0,0,1
744,2017-12-09,445.31,495.0,441.73,461.98,1,0,0,1
745,2017-12-10,461.98,462.22,428.45,430.77,1,0,1,0
746,2017-12-11,430.77,500.0,430.03,500.0,1,0,0,1
747,2017-12-12,500.0,630.0,471.46,626.2,1,0,1,1
748,2017-12-13,626.2,718.97,570.54,680.0,1,1,0,1
749,2017-12-14,680.0,738.97,653.0,685.0,1,1,0,1
750,2017-12-15,685.0,692.84,613.01,675.02,1,1,0,0
751,2017-12-16,675.02,710.0,668.21,689.0,1,1,0,1
752,2017-12-17,689.0,718.96,687.29,708.0,1,1,1,1
753,2017-12-18,708.0,794.0,680.0,782.53,1,1,1,1
754,2017-12-19,782.53,863.0,764.0,808.0,1,1,1,1
755,2017-12-20,808.0,813.99,720.0,784.55,0,0,1,0
756,2017-12-21,784.55,819.6,740.0,767.83,0,0,1,0
757,2017-12-22,767.83,776.87,512.0,674.47,0,0,1,0
758,2017-12-23,674.47,747.67,647.16,698.11,0,0,1,1
759,2017-12-24,698.11,705.06,602.1,666.56,0,0,1,0
760,2017-12-25,666.56,743.13,666.0,720.82,0,0,1,1
761,2017-12-26,720.82,759.46,714.15,749.08,1,0,1,1
762,2017-12-27,749.08,766.48,705.0,741.26,1,0,1,0
763,2017-12-28,741.26,742.99,683.11,722.01,1,0,1,0
764,2017-12-29,722.01,758.87,713.66,738.64,1,0,0,1
765,2017-12-30,738.64,738.64,675.06,700.0,0,0,1,0
766,2017-12-31,700.0,747.95,691.02,745.98,1,0,0,1
767,2018-01-01,745.98,772.98,725.1,757.01,1,0,0,1
768,2018-01-02,757.01,879.9,757.01,864.0,1,0,0,1
769,2018-01-03,864.0,947.92,851.0,938.0,1,0,0,1
770,2018-01-04,938.0,988.99,905.01,942.04,0,0,1,1
771,2018-01-05,942.04,1009.84,900.0,958.0,1,1,1,1
772,2018-01-06,958.0,1005.0,950.4,998.7,1,1,1,1
773,2018-01-07,998.7,1098.0,997.87,1098.0,1,1,1,1
774,2018-01-08,1098.0,1191.0,966.01,1137.5,1,1,1,1
775,2018-01-09,1137.5,1289.0,1126.0,1284.69,1,1,1,1
776,2018-01-10,1284.69,1366.66,1202.74,1245.02,0,0,1,0
777,2018-01-11,1245.02,1328.0,1111.0,1195.67,0,0,1,0
778,2018-01-12,1195.67,1195.67,1195.67,1195.67,0,0,1,0
779,2018-01-13,1195.67,1594.89,1195.67,1398.99,1,1,1,1
780,2018-01-14,1398.99,1404.95,1221.0,1358.82,0,0,1,0
781,2018-01-15,1358.82,1386.0,1266.55,1272.88,0,0,1,0
782,2018-01-16,1272.88,1281.38,870.0,1063.0,0,0,1,0
783,2018-01-17,1063.0,1116.0,755.0,1019.97,0,0,1,0
784,2018-01-18,1019.97,1115.0,964.0,1023.43,0,0,1,1
785,2018-01-19,1023.43,1105.0,995.0,1048.0,0,0,1,1
786,2018-01-20,1048.0,1167.37,1042.15,1157.78,0,0,1,1
787,2018-01-21,1157.78,1158.0,925.11,1050.03,0,0,1,0
788,2018-01-22,1050.03,1090.99,913.24,1000.5,0,0,1,0
789,2018-01-23,1000.5,1025.0,910.0,985.96,0,0,1,0
790,2018-01-24,985.96,1067.0,957.9,1063.77,0,0,0,1
791,2018-01-25,1063.77,1107.67,1000.01,1048.0,0,0,1,0
792,2018-01-26,1048.0,1079.95,982.0,1051.06,0,0,0,1
793,2018-01-27,1051.06,1120.5,1033.5,1105.5,0,0,0,1
794,2018-01-28,1105.5,1228.0,1100.02,1221.94,0,0,0,1
795,2018-01-29,1221.94,1234.0,1122.01,1166.0,1,0,0,0
796,2018-01-30,1166.0,1172.0,1018.54,1055.14,0,0,1,0
797,2018-01-31,1055.14,1119.6,1011.0,1105.3,0,0,0,1
798,2018-02-01,1105.3,1149.5,941.0,1020.09,0,0,1,0
799,2018-02-02,1020.09,1024.74,734.84,910.0,1,0,1,0
800,2018-02-03,910.0,995.71,831.71,965.53,0,0,0,1
801,2018-02-04,965.53,966.9,782.0,823.56,1,0,1,0
802,2018-02-05,823.56,858.99,622.55,687.0,1,1,1,0
803,2018-02-06,687.0,807.65,556.0,783.2,0,0,0,1
804,2018-02-07,783.2,864.0,713.08,748.58,1,1,1,0
805,2018-02-08,748.58,844.98,747.0,813.0,0,0,0,1
806,2018-02-09,813.0,883.47,780.0,878.6,0,0,0,1
807,2018-02-10,878.6,910.0,808.8,850.0,1,1,1,0
808,2018-02-11,850.0,858.09,778.33,809.09,1,1,1,0
809,2018-02-12,809.09,876.61,809.09,864.53,0,0,1,1
810,2018-02-13,864.53,869.35,821.95,839.52,1,0,1,0
811,2018-02-14,839.52,923.98,839.52,920.56,1,0,1,1
812,2018-02-15,920.56,950.85,905.99,929.03,0,0,1,1
813,2018-02-16,929.03,950.0,907.75,940.98,1,0,1,1
814,2018-02-17,940.98,977.1,936.84,975.75,0,0,1,1
815,2018-02-18,975.75,983.85,911.12,916.0,0,0,1,0
816,2018-02-19,916.0,956.97,915.0,940.64,0,0,1,1
817,2018-02-20,940.64,958.99,875.01,882.61,0,0,1,0
818,2018-02-21,882.61,908.11,817.0,840.35,0,0,1,0
819,2018-02-22,840.35,874.98,780.0,804.36,0,0,1,0
820,2018-02-23,804.36,883.75,785.0,854.35,0,0,0,1
821,2018-02-24,854.35,875.78,807.41,832.98,0,0,0,0
822,2018-02-25,832.98,852.67,816.75,840.0,0,0,0,1
823,2018-02-26,840.0,880.94,834.99,865.37,0,0,0,1
824,2018-02-27,865.37,898.98,860.5,870.91,0,0,0,1
825,2018-02-28,870.91,888.0,847.59,850.1,0,0,0,0
826,2018-03-01,850.1,879.78,843.11,869.75,0,0,0,1
827,2018-03-02,869.75,878.0,845.0,855.19,0,0,1,0
828,2018-03-03,855.19,869.8,852.0,853.4,0,0,0,0
829,2018-03-04,853.4,867.38,837.05,864.9,0,0,0,1
830,2018-03-05,864.9,868.77,849.21,849.91,0,0,0,0
831,2018-03-06,849.91,850.35,801.8,815.81,0,0,0,0
832,2018-03-07,815.81,825.89,724.32,750.0,0,0,1,0
833,2018-03-08,750.0,775.0,686.01,698.8,0,0,1,0
834,2018-03-09,698.8,730.31,641.1,724.4,0,0,0,1
835,2018-03-10,724.4,751.84,650.01,680.7,0,0,1,0
836,2018-03-11,680.7,737.5,655.53,719.11,0,0,1,1
837,2018-03-12,719.11,739.15,677.0,694.72,0,0,1,0
838,2018-03-13,694.72,715.78,676.5,685.64,0,0,1,0
839,2018-03-14,685.64,702.99,582.7,610.89,1,1,1,0
840,2018-03-15,610.89,621.4,570.0,609.0,0,0,1,0
841,2018-03-16,609.0,627.51,581.21,600.01,0,0,1,0
842,2018-03-17,600.01,609.3,540.21,548.0,1,1,1,0
843,2018-03-18,548.0,553.44,453.3,535.15,1,1,1,0
844,2018-03-19,535.15,557.98,435.0,554.96,0,0,0,1
845,2018-03-20,554.96,570.4,516.06,557.5,0,0,0,1
846,2018-03-21,557.5,590.71,544.5,559.79,0,0,0,1
847,2018-03-22,559.79,578.04,507.97,539.94,0,0,1,0
848,2018-03-23,539.94,544.29,507.0,544.29,0,0,0,1
849,2018-03-24,544.29,545.12,519.5,519.53,0,0,0,0
850,2018-03-25,519.53,536.0,512.21,522.79,0,0,0,1
851,2018-03-26,522.79,526.67,466.8,485.51,0,0,1,0
852,2018-03-27,485.51,491.98,445.75,447.4,1,1,1,0
853,2018-03-28,447.4,465.51,440.01,445.87,0,0,0,0
854,2018-03-29,445.87,448.83,379.64,383.56,0,0,0,0
855,2018-03-30,383.56,411.0,363.49,392.54,0,0,0,1
856,2018-03-31,392.54,419.29,388.81,392.4,0,0,0,0
857,2018-04-01,392.4,401.0,359.01,378.48,0,0,0,0
858,2018-04-02,378.48,394.5,375.32,384.26,0,0,0,1
859,2018-04-03,384.26,520.11,379.37,415.84,0,0,0,1
860,2018-04-04,415.84,417.95,368.02,377.95,1,1,1,0
861,2018-04-05,377.95,387.33,364.0,380.48,1,1,0,1
862,2018-04-06,380.48,385.0,362.17,369.4,1,1,1,0
863,2018-04-07,369.4,394.7,368.4,384.93,1,1,1,1
864,2018-04-08,384.93,403.88,384.61,399.99,1,0,1,1
865,2018-04-09,399.99,433.31,399.55,420.83,1,0,1,1
866,2018-04-10,398.44,417.99,391.69,415.58,1,0,1,0
867,2018-04-11,415.58,433.75,409.51,430.13,1,0,1,1
868,2018-04-12,430.13,498.99,413.21,494.03,1,1,1,1
869,2018-04-13,494.03,529.87,482.0,494.32,1,1,1,1
870,2018-04-14,494.32,516.6,487.06,502.76,1,1,1,1
871,2018-04-15,502.76,535.0,502.76,535.0,1,1,1,1
872,2018-04-16,535.0,538.2,497.38,511.63,1,1,1,0
873,2018-04-17,511.63,524.91,487.0,502.24,1,1,0,0
874,2018-04-18,502.24,527.07,500.76,525.76,1,1,0,1
875,2018-04-19,525.76,570.43,521.5,566.37,1,1,0,1
876,2018-04-20,566.37,626.49,556.2,618.39,1,1,1,1
877,2018-04-21,618.39,636.7,578.6,606.0,0,0,1,0
878,2018-04-22,606.0,647.47,593.0,620.51,0,0,1,1
879,2018-04-23,620.51,649.77,618.33,646.3,1,1,1,1
880,2018-04-24,646.3,712.0,645.0,704.0,0,0,1,1
881,2018-04-25,704.0,704.0,594.93,616.98,1,1,1,0
882,2018-04-26,616.98,667.19,601.0,662.82,0,0,1,1
883,2018-04-27,662.82,685.54,640.1,642.0,0,0,1,0
884,2018-04-28,642.0,694.0,640.1,683.87,1,1,0,1
885,2018-04-29,683.87,699.95,666.0,689.5,1,1,0,1
886,2018-04-30,689.5,693.83,661.9,669.57,1,1,0,0
887,2018-05-01,669.57,676.69,585.0,670.68,1,1,0,1
888,2018-05-02,670.68,691.0,662.29,687.02,1,1,0,1
889,2018-05-03,687.02,787.6,685.67,776.75,1,1,1,1
890,2018-05-04,776.75,804.7,759.0,783.44,1,1,1,1
891,2018-05-05,783.44,827.82,779.14,812.5,1,1,1,1
892,2018-05-06,812.5,830.0,751.11,788.51,1,1,1,0
893,2018-05-07,788.51,793.88,693.32,753.84,0,0,1,0
894,2018-05-08,753.84,775.87,720.0,748.38,0,0,1,0
895,2018-05-09,748.38,760.43,706.06,750.1,0,0,1,1
896,2018-05-10,750.1,767.4,721.3,724.0,0,0,1,0
897,2018-05-11,724.0,735.0,658.89,676.91,0,0,1,0
898,2018-05-12,676.91,692.4,637.69,681.31,0,0,1,1
899,2018-05-13,681.31,741.8,668.4,729.79,0,0,0,1
900,2018-05-14,729.79,742.28,684.84,727.48,0,0,0,0
901,2018-05-15,727.48,739.6,695.0,704.6,0,0,0,0
902,2018-05-16,704.6,711.49,676.61,706.01,0,0,0,1
903,2018-05-17,706.01,719.97,661.31,667.3,0,0,0,0
904,2018-05-18,667.3,694.02,655.78,692.33,0,0,0,1
905,2018-05-19,692.33,717.0,682.42,695.68,0,0,0,1
906,2018-05-20,695.68,724.8,686.53,715.65,0,0,0,1
907,2018-05-21,715.65,721.38,686.51,697.19,0,0,0,0
908,2018-05-22,697.19,698.38,637.5,641.82,0,0,1,0
909,2018-05-23,641.82,652.01,562.79,577.15,0,0,1,0
910,2018-05-24,577.15,610.29,543.64,601.99,0,0,0,1
911,2018-05-25,601.99,616.8,567.0,585.7,0,0,0,0
912,2018-05-26,585.7,606.45,577.53,585.61,0,0,0,0
913,2018-05-27,585.61,591.49,555.0,569.49,0,0,0,0
914,2018-05-28,569.49,575.89,504.5,511.88,1,1,1,0
915,2018-05-29,511.88,573.0,510.15,566.51,0,0,0,1
916,2018-05-30,566.51,586.39,540.05,556.38,0,0,0,0
917,2018-05-31,556.38,585.95,553.0,577.54,0,0,0,1
918,2018-06-01,577.54,590.86,562.0,578.49,0,0,1,1
919,2018-06-02,578.49,599.9,572.94,590.47,1,1,1,1
920,2018-06-03,590.47,637.07,588.76,619.0,0,0,1,1
921,2018-06-04,619.0,635.86,578.3,591.18,0,0,1,0
922,2018-06-05,591.18,614.49,572.77,608.76,0,0,1,1
923,2018-06-06,608.76,612.99,586.35,605.61,0,0,1,0
924,2018-06-07,605.61,616.62,596.45,602.99,0,0,1,0
925,2018-06-08,602.99,608.0,590.69,598.9,0,0,1,0
926,2018-06-09,598.9,608.0,591.0,592.92,0,0,1,0
927,2018-06-10,592.92,592.92,502.54,525.56,1,0,1,0
928,2018-06-11,525.56,536.01,508.54,530.59,0,0,0,1
929,2018-06-12,530.59,547.0,483.5,495.0,1,1,1,0
930,2018-06-13,495.0,501.99,447.14,476.0,0,0,0,0
931,2018-06-14,476.0,528.02,459.14,519.47,0,0,0,1
932,2018-06-15,519.47,522.0,481.34,487.14,0,0,0,0
933,2018-06-16,487.14,503.49,482.61,497.0,0,0,0,1
934,2018-06-17,497.0,506.73,493.19,495.03,0,0,0,0
935,2018-06-18,495.03,526.15,486.48,517.45,0,0,0,1
936,2018-06-19,517.45,548.5,514.38,537.95,1,0,0,1
937,2018-06-20,537.95,543.96,516.57,535.99,1,0,1,0
938,2018-06-21,535.99,544.5,520.57,525.37,0,0,0,0
939,2018-06-22,525.37,525.48,448.54,462.28,1,0,1,0
940,2018-06-23,462.28,482.61,455.48,474.03,0,0,0,1
941,2018-06-24,474.03,477.33,420.0,454.74,0,0,1,0
942,2018-06-25,454.74,474.0,444.21,458.82,0,0,0,1
943,2018-06-26,458.82,461.0,428.6,430.2,0,0,1,0
944,2018-06-27,430.2,449.66,420.0,441.53,0,0,0,1
945,2018-06-28,441.53,443.4,415.3,419.5,0,0,1,0
946,2018-06-29,419.5,443.0,404.21,435.0,0,0,1,1
947,2018-06-30,435.0,463.66,435.0,453.05,0,0,1,1
948,2018-07-01,453.05,456.89,444.05,451.86,0,0,1,0
949,2018-07-02,451.86,482.0,443.31,476.65,0,0,1,1
950,2018-07-03,476.65,487.5,459.67,462.01,0,0,1,0
951,2018-07-04,462.01,483.97,450.19,466.59,0,0,1,1
952,2018-07-05,466.59,479.0,458.3,467.35,0,0,1,1
953,2018-07-06,467.35,476.3,451.45,468.93,0,0,1,1
954,2018-07-07,468.93,487.96,460.75,484.04,1,0,0,1
955,2018-07-08,484.04,495.99,482.16,486.7,0,0,0,1
956,2018-07-09,486.7,488.45,468.18,471.65,0,0,0,0
957,2018-07-10,471.65,473.1,427.67,432.82,0,0,1,0
958,2018-07-11,432.82,448.0,425.26,444.67,0,0,0,1
959,2018-07-12,444.67,445.98,416.53,430.45,0,0,0,0
960,2018-07-13,430.45,441.7,422.62,432.11,0,0,0,1
961,2018-07-14,432.11,440.9,427.66,433.34,0,0,0,1
962,2018-07-15,433.34,454.37,428.94,448.99,0,0,0,1
963,2018-07-16,448.99,480.0,444.0,478.86,1,0,0,1
964,2018-07-17,478.86,513.61,465.0,499.3,0,0,0,1
965,2018-07-18,499.3,516.78,470.21,479.36,0,0,1,0
966,2018-07-19,479.36,483.36,463.17,468.45,0,0,0,0
967,2018-07-20,468.45,469.98,439.64,447.95,0,0,0,0
968,2018-07-21,447.95,468.3,441.05,460.88,0,0,0,1
969,2018-07-22,460.88,473.69,454.11,457.34,0,0,0,0
970,2018-07-23,457.34,469.64,446.0,449.38,0,0,0,0
971,2018-07-24,449.38,485.62,448.57,481.13,0,0,0,1
972,2018-07-25,481.13,485.0,463.41,471.72,0,0,1,0
973,2018-07-26,471.72,484.31,459.69,462.11,0,0,1,0
974,2018-07-27,462.11,474.14,455.88,469.01,0,0,1,1
975,2018-07-28,469.01,471.22,460.66,468.41,0,0,1,0
976,2018-07-29,468.41,471.96,461.66,466.68,0,0,1,0
977,2018-07-30,466.68,469.5,446.0,456.29,0,0,1,0
978,2018-07-31,456.29,458.0,426.36,431.67,0,0,1,0
979,2018-08-01,431.67,435.33,407.75,419.82,0,0,1,0
980,2018-08-02,419.82,424.0,406.81,410.64,0,0,1,0
981,2018-08-03,410.64,419.48,397.42,417.5,0,0,0,1
982,2018-08-04,417.5,419.34,400.0,406.54,0,0,1,0
983,2018-08-05,406.54,413.42,399.9,408.68,0,0,0,1
984,2018-08-06,408.68,413.01,400.7,405.01,0,0,0,0
985,2018-08-07,405.01,410.73,367.41,377.85,0,0,1,0
986,2018-08-08,377.85,383.65,347.6,355.18,0,0,1,0
987,2018-08-09,355.18,369.79,351.0,362.88,0,0,0,1
988,2018-08-10,362.88,365.49,325.01,331.57,0,0,0,0
989,2018-08-11,331.57,332.31,304.47,317.8,0,0,0,0
990,2018-08-12,317.8,327.34,314.47,318.12,0,0,0,1
991,2018-08-13,318.12,322.47,280.0,283.88,0,0,0,0
992,2018-08-14,283.88,288.84,250.0,278.1,0,0,0,0
993,2018-08-15,278.1,305.0,275.64,281.2,0,0,0,1
994,2018-08-16,281.2,299.98,277.59,286.68,0,0,0,1
995,2018-08-17,286.68,318.54,284.9,317.96,0,0,0,1
996,2018-08-18,317.96,321.73,282.32,294.76,0,0,1,0
997,2018-08-19,294.76,306.74,288.53,299.47,0,0,0,1
998,2018-08-20,299.47,304.63,268.0,270.59,0,0,1,0
999,2018-08-21,270.59,286.25,269.75,280.48,0,0,0,1
1000,2018-08-22,280.48,300.85,258.87,270.02,0,0,1,0
1001,2018-08-23,270.02,281.2,268.22,275.72,0,0,1,1
1002,2018-08-24,275.72,283.4,270.2,281.56,0,0,1,1
1003,2018-08-25,281.56,283.3,276.34,278.01,0,0,1,0
1004,2018-08-26,278.01,278.01,269.21,274.07,0,0,1,0
1005,2018-08-27,274.07,288.57,271.9,288.12,0,0,1,1
1006,2018-08-28,288.12,298.27,282.5,295.91,0,0,1,1
1007,2018-08-29,295.91,297.74,283.85,288.07,0,0,1,0
1008,2018-08-30,288.07,291.0,270.44,283.94,0,0,1,0
1009,2018-08-31,283.94,284.91,276.18,281.6,0,0,1,0
1010,2018-09-01,281.6,302.59,281.59,295.2,0,0,0,1
1011,2018-09-02,295.2,299.3,288.12,294.99,0,0,0,0
1012,2018-09-03,294.99,296.0,284.88,288.64,0,0,0,0
1013,2018-09-04,288.64,291.8,237.0,285.0,0,0,0,0
1014,2018-09-05,285.0,287.42,226.0,227.92,1,0,1,0
1015,2018-09-06,227.92,233.12,208.92,229.01,0,0,0,1
1016,2018-09-07,229.01,234.61,212.74,214.96,1,1,0,0
1017,2018-09-08,214.96,219.69,188.4,196.13,1,1,1,0
1018,2018-09-09,196.13,208.5,185.0,195.52,0,0,1,0
1019,2018-09-10,195.52,202.53,186.44,196.98,0,0,0,1
1020,2018-09-11,196.98,199.34,176.0,185.1,1,1,1,0
1021,2018-09-12,185.1,185.1,166.76,183.02,1,0,1,0
1022,2018-09-13,183.02,216.06,183.0,211.78,1,1,0,1
1023,2018-09-14,211.78,223.86,202.05,208.52,1,1,0,0
1024,2018-09-15,208.52,227.92,207.88,221.76,1,1,0,1
1025,2018-09-16,221.76,223.66,205.52,219.79,1,0,0,0
1026,2018-09-17,219.79,225.0,191.68,195.76,1,0,1,0
1027,2018-09-18,195.76,214.92,193.53,208.22,1,0,1,1
1028,2018-09-19,208.22,214.95,197.0,209.83,1,0,1,1
1029,2018-09-20,209.83,230.13,205.82,223.82,1,0,1,1
1030,2018-09-21,223.82,255.66,220.47,247.4,0,0,1,1
1031,2018-09-22,247.4,254.59,232.64,240.48,0,0,1,0
1032,2018-09-23,240.48,249.0,236.46,244.61,0,0,1,1
1033,2018-09-24,244.61,246.0,224.3,228.05,0,0,1,0
1034,2018-09-25,228.05,228.05,203.11,219.1,0,0,1,0
1035,2018-09-26,219.1,223.05,207.11,213.9,0,0,1,0
1036,2018-09-27,213.9,235.3,209.79,229.07,0,0,0,1
1037,2018-09-28,229.07,233.9,214.53,221.34,0,0,1,0
1038,2018-09-29,221.34,236.08,213.13,230.82,0,0,0,1
1039,2018-09-30,230.82,239.48,224.37,231.96,0,0,0,1
1040,2018-10-01,231.96,235.0,223.52,230.0,0,0,0,0
1041,2018-10-02,230.0,230.92,221.2,224.59,0,0,0,0
1042,2018-10-03,224.59,225.03,214.22,219.02,0,0,0,0
1043,2018-10-04,219.02,225.07,218.3,221.0,0,0,0,1
1044,2018-10-05,221.0,230.0,218.5,226.66,0,0,0,1
1045,2018-10-06,226.66,227.22,222.51,223.75,0,0,1,0
1046,2018-10-07,223.75,225.32,220.0,224.5,0,0,0,1
1047,2018-10-08,224.5,230.69,222.59,227.92,1,0,0,1
1048,2018-10-09,227.92,228.66,224.51,226.3,1,0,0,0
1049,2018-10-10,226.3,226.31,221.0,223.33,0,0,0,0
1050,2018-10-11,223.33,223.33,184.11,188.2,1,0,1,0
1051,2018-10-12,188.2,197.96,186.62,193.79,0,0,0,1
1052,2018-10-13,193.79,199.5,192.68,196.71,0,0,0,1
1053,2018-10-14,196.71,199.37,189.11,191.83,0,0,1,0
1054,2018-10-15,191.83,220.0,190.02,204.73,0,0,1,1
1055,2018-10-16,204.73,208.31,201.91,205.69,0,0,1,1
1056,2018-10-17,205.69,206.25,200.72,203.56,0,0,1,0
1057,2018-10-18,203.56,205.26,196.09,199.09,0,0,1,0
1058,2018-10-19,199.09,201.19,197.18,200.12,0,0,1,1
1059,2018-10-20,200.12,204.1,198.56,202.59,0,0,1,1
1060,2018-10-21,202.59,206.36,201.45,202.11,0,0,1,0
1061,2018-10-22,202.11,203.93,199.5,201.15,0,0,1,0
1062,2018-10-23,201.15,202.32,197.75,201.12,0,0,1,0
1063,2018-10-24,201.12,202.98,200.13,200.8,0,0,0,0
1064,2018-10-25,200.8,200.94,198.2,199.6,0,0,0,0
1065,2018-10-26,199.6,205.59,198.32,200.71,0,0,0,1
1066,2018-10-27,200.71,201.91,200.03,201.43,0,0,0,1
1067,2018-10-28,201.43,203.45,201.0,202.42,0,0,0,1
1068,2018-10-29,202.42,202.88,191.0,194.39,0,0,0,0
1069,2018-10-30,194.39,197.44,193.14,195.29,0,0,0,1
1070,2018-10-31,195.29,198.99,191.65,196.88,0,0,0,1
1071,2018-11-01,196.88,198.75,195.59,197.79,0,0,0,1
1072,2018-11-02,197.79,201.53,197.74,199.6,0,0,0,1
1073,2018-11-03,199.6,199.88,197.08,198.41,0,0,1,0
1074,2018-11-04,198.41,218.58,197.87,210.13,0,0,0,1
1075,2018-11-05,210.13,211.59,205.27,208.7,0,0,0,0
1076,2018-11-06,208.7,219.3,206.5,218.43,0,0,0,1
1077,2018-11-07,218.43,223.17,215.52,216.95,0,0,0,0
1078,2018-11-08,216.95,218.39,209.97,210.1,0,0,0,0
1079,2018-11-09,210.1,212.31,206.21,207.9,0,0,0,0
1080,2018-11-10,207.9,213.5,207.7,210.21,0,0,0,1
1081,2018-11-11,210.21,211.44,205.2,209.79,0,0,1,0
1082,2018-11-12,209.79,210.98,206.81,208.64,0,0,1,0
1083,2018-11-13,208.64,208.64,202.61,203.25,0,0,1,0
1084,2018-11-14,203.25,205.4,165.0,177.8,0,0,1,0
1085,2018-11-15,177.8,181.05,165.0,178.38,0,0,1,1
1086,2018-11-16,178.38,180.38,169.03,172.4,0,0,1,0
1087,2018-11-17,172.4,173.87,170.5,172.25,0,0,1,0
1088,2018-11-18,172.25,179.69,171.51,175.78,0,0,1,1
1089,2018-11-19,175.78,175.78,142.62,145.5,0,0,1,0
1090,2018-11-20,145.5,149.8,121.32,127.72,1,1,1,0
1091,2018-11-21,127.72,137.89,121.83,134.6,0,0,0,1
1092,2018-11-22,134.6,136.76,122.24,123.29,1,1,1,0
1093,2018-11-23,123.29,125.73,116.27,121.19,0,0,1,0
1094,2018-11-24,121.19,126.32,107.44,110.55,1,1,1,0
1095,2018-11-25,110.55,119.54,98.04,114.29,0,0,1,1
1096,2018-11-26,114.29,116.94,102.52,106.74,0,0,0,0
1097,2018-11-27,106.74,111.85,99.0,108.63,0,0,0,1
1098,2018-11-28,108.63,125.77,108.63,121.73,1,1,0,1
1099,2018-11-29,121.73,123.0,113.1,116.26,1,1,1,0
1100,2018-11-30,116.26,119.79,109.14,111.64,0,0,1,0
1101,2018-12-01,111.64,119.44,109.84,116.95,1,1,0,1
1102,2018-12-02,116.95,119.7,113.84,114.67,1,0,1,0
1103,2018-12-03,114.67,115.18,105.0,107.11,1,0,1,0
1104,2018-12-04,107.11,112.0,105.0,108.68,1,0,0,1
1105,2018-12-05,108.68,109.2,100.01,100.5,1,0,1,0
1106,2018-12-06,100.5,103.33,88.88,89.09,1,0,1,0
1107,2018-12-07,89.09,103.9,81.0,92.51,1,0,0,1
1108,2018-12-08,92.51,97.99,83.71,89.93,1,0,1,0
1109,2018-12-09,89.93,98.3,87.88,92.8,1,0,1,1
1110,2018-12-10,92.8,94.71,87.32,89.22,1,0,1,0
1111,2018-12-11,89.22,90.85,85.03,86.8,1,0,1,0
1112,2018-12-12,86.8,91.95,85.5,89.14,1,0,1,1
1113,2018-12-13,89.14,90.46,83.0,85.19,1,0,1,0
1114,2018-12-14,85.19,86.2,80.56,82.84,1,0,1,0
1115,2018-12-15,82.84,84.2,80.96,82.82,1,0,1,0
1116,2018-12-16,82.82,88.05,82.65,83.68,1,1,1,1
1117,2018-12-17,83.68,96.75,83.29,93.75,1,1,1,1
1118,2018-12-18,93.75,102.0,91.54,100.99,1,1,0,1
1119,2018-12-19,100.99,107.8,98.26,99.4,1,1,0,0
1120,2018-12-20,99.4,117.77,98.54,114.24,1,1,0,1
1121,2018-12-21,114.24,119.0,105.1,107.68,1,1,1,0
1122,2018-12-22,107.68,116.24,105.34,116.17,1,1,0,1
1123,2018-12-23,116.17,133.0,115.86,129.32,1,1,1,1
1124,2018-12-24,129.32,159.2,129.32,139.4,0,0,1,1
1125,2018-12-25,139.4,140.22,120.99,129.12,1,1,1,0
1126,2018-12-26,129.12,137.46,123.2,130.34,0,0,1,1
1127,2018-12-27,130.34,131.77,112.43,114.41,1,1,1,0
1128,2018-12-28,114.41,138.86,113.03,137.18,1,1,1,1
1129,2018-12-29,137.18,147.0,130.98,133.95,0,0,1,0
1130,2018-12-30,133.95,140.54,128.14,138.72,0,0,0,1
1131,2018-12-31,138.72,139.18,127.78,130.86,1,1,1,0
1132,2019-01-01,130.86,141.35,129.52,139.91,1,1,0,1
1133,2019-01-02,139.91,157.09,138.68,153.51,0,0,0,1
1134,2019-01-03,153.51,154.47,143.51,146.98,1,1,1,0
1135,2019-01-04,146.98,156.14,144.77,153.48,0,0,1,1
1136,2019-01-05,153.48,161.0,152.5,153.93,0,0,1,1
1137,2019-01-06,153.93,160.0,147.16,155.83,0,0,1,1
1138,2019-01-07,155.83,157.5,147.76,150.52,0,0,1,0
1139,2019-01-08,150.52,153.0,146.15,148.88,0,0,1,0
1140,2019-01-09,148.88,153.6,147.98,149.29,0,0,1,1
1141,2019-01-10,149.29,150.93,122.0,126.4,1,1,1,0
1142,2019-01-11,126.4,128.98,120.71,125.92,0,0,1,0
1143,2019-01-12,125.92,127.99,122.61,124.45,0,0,1,0
1144,2019-01-13,124.45,125.34,113.5,115.32,1,1,1,0
1145,2019-01-14,115.32,131.7,115.28,128.31,0,0,0,1
1146,2019-01-15,128.31,130.44,116.72,120.0,1,1,1,0
1147,2019-01-16,120.0,128.88,119.01,122.14,0,0,0,1
1148,2019-01-17,122.14,123.96,117.41,122.45,0,0,0,1
1149,2019-01-18,122.45,122.71,117.74,119.78,0,0,0,0
1150,2019-01-19,119.78,126.49,119.37,123.3,0,0,0,1
1151,2019-01-20,123.3,123.97,112.77,117.34,0,0,0,0
1152,2019-01-21,117.34,118.13,113.51,115.81,0,0,0,0
1153,2019-01-22,115.81,119.71,110.92,117.91,0,0,0,1
1154,2019-01-23,117.91,118.89,115.0,116.59,0,0,1,0
1155,2019-01-24,116.59,117.33,113.68,116.39,0,0,1,0
1156,2019-01-25,116.39,117.01,114.12,115.06,0,0,0,0
1157,2019-01-26,115.06,117.5,114.8,114.94,0,0,0,0
1158,2019-01-27,114.94,115.62,110.21,111.34,0,0,0,0
1159,2019-01-28,111.34,112.2,101.0,105.43,0,0,1,0
1160,2019-01-29,105.43,106.0,102.0,103.83,0,0,0,0
1161,2019-01-30,103.83,109.89,102.91,107.5,0,0,0,1
1162,2019-01-31,107.5,110.74,104.2,105.69,0,0,0,0
1163,2019-02-01,105.69,107.78,102.87,105.84,0,0,1,1
1164,2019-02-02,105.84,110.2,105.03,109.41,0,0,1,1
1165,2019-02-03,109.41,110.33,104.41,106.0,0,0,1,0
1166,2019-02-04,106.0,108.12,105.35,106.03,0,0,1,1
1167,2019-02-05,106.03,106.5,104.82,106.14,0,0,1,1
1168,2019-02-06,106.14,106.71,100.03,103.26,0,0,1,0
1169,2019-02-07,103.26,104.75,102.68,103.32,0,0,1,1
1170,2019-02-08,103.32,122.36,102.37,118.07,0,0,1,1
1171,2019-02-09,118.07,119.95,116.6,117.98,0,0,1,0
1172,2019-02-10,117.98,125.1,114.21,123.98,0,0,0,1
1173,2019-02-11,123.98,124.22,118.09,119.52,0,0,1,0
1174,2019-02-12,119.52,122.73,117.0,121.08,0,0,0,1
1175,2019-02-13,121.08,125.44,119.55,120.58,0,0,0,0
1176,2019-02-14,120.58,123.11,115.0,119.37,0,0,0,0
1177,2019-02-15,119.37,123.14,119.03,120.48,0,0,0,1
1178,2019-02-16,120.48,123.78,120.41,121.54,0,0,0,1
1179,2019-02-17,121.54,134.4,121.5,132.32,0,0,0,1
1180,2019-02-18,132.32,148.59,131.01,144.71,0,0,1,1
1181,2019-02-19,144.71,149.62,142.44,142.85,0,0,1,0
1182,2019-02-20,142.85,148.7,139.51,147.29,0,0,1,1
1183,2019-02-21,147.29,148.98,141.68,144.17,1,1,1,0
1184,2019-02-22,144.17,147.48,142.22,146.57,0,0,0,1
1185,2019-02-23,146.57,159.4,144.67,157.5,1,1,0,1
1186,2019-02-24,157.5,166.62,131.18,131.75,0,0,1,0
1187,2019-02-25,131.75,141.04,131.01,137.54,0,0,0,1
1188,2019-02-26,137.54,138.04,133.11,135.71,0,0,0,0
1189,2019-02-27,135.71,139.95,126.5,134.11,0,0,0,0
1190,2019-02-28,134.11,139.7,131.45,134.52,0,0,1,1
1191,2019-03-01,134.52,137.73,133.63,134.79,0,0,1,1
1192,2019-03-02,134.79,135.42,129.13,132.23,0,0,1,0
1193,2019-03-03,132.23,134.77,127.0,129.81,0,0,1,0
1194,2019-03-04,129.81,130.38,122.55,125.18,0,0,1,0
1195,2019-03-05,125.18,137.64,124.75,136.49,0,0,1,1
1196,2019-03-06,136.49,140.61,132.49,136.92,0,0,1,1
1197,2019-03-07,136.92,139.86,133.63,136.19,0,0,1,0
1198,2019-03-08,136.19,138.79,129.39,132.74,0,0,1,0
1199,2019-03-09,132.74,138.27,131.86,136.41,0,0,0,1
1200,2019-03-10,136.41,136.83,133.3,134.67,0,0,0,0
1201,2019-03-11,134.67,135.59,130.45,131.8,0,0,1,0
1202,2019-03-12,131.8,134.4,127.45,132.91,0,0,0,1
1203,2019-03-13,132.91,132.91,130.18,131.26,0,0,0,0
1204,2019-03-14,131.26,136.25,128.0,131.36,0,0,0,1
1205,2019-03-15,131.36,136.9,131.36,135.89,0,0,0,1
1206,2019-03-16,135.89,143.75,135.83,140.4,0,0,0,1
1207,2019-03-17,140.4,140.4,136.27,138.02,0,0,0,0
1208,2019-03-18,138.02,141.36,135.03,136.85,0,0,0,0
1209,2019-03-19,136.85,138.66,136.15,137.96,0,0,0,1
1210,2019-03-20,137.96,139.44,135.13,138.78,0,0,0,1
1211,2019-03-21,138.78,139.26,131.95,134.3,0,0,1,0
1212,2019-03-22,134.3,136.9,133.94,135.73,0,0,0,1
1213,2019-03-23,135.73,137.63,135.23,136.67,0,0,0,1
1214,2019-03-24,136.67,136.71,134.13,135.25,0,0,0,0
1215,2019-03-25,135.25,136.23,130.59,132.94,0,0,0,0
1216,2019-03-26,132.94,134.0,131.54,133.29,0,0,0,1
1217,2019-03-27,133.29,139.8,133.11,139.1,0,0,0,1
1218,2019-03-28,139.1,139.24,136.75,137.35,0,0,1,0
1219,2019-03-29,137.35,143.0,136.84,142.75,1,0,1,1
1220,2019-03-30,142.75,145.49,139.63,142.08,1,0,1,0
1221,2019-03-31,142.08,142.14,140.13,141.29,1,0,1,0
1222,2019-04-01,141.29,143.0,138.6,141.03,0,0,1,0
1223,2019-04-02,141.03,167.76,140.77,164.62,1,1,1,1
1224,2019-04-03,164.62,180.0,153.42,161.3,0,0,1,0
1225,2019-04-04,161.3,165.2,153.53,157.62,0,0,1,0
1226,2019-04-05,157.62,168.5,156.21,165.87,0,0,1,1
1227,2019-04-06,165.87,173.18,156.0,165.2,0,0,0,0
1228,2019-04-07,165.2,176.86,163.88,174.71,1,1,0,1
1229,2019-04-08,174.71,187.81,173.68,180.64,1,1,0,1
1230,2019-04-09,180.64,180.81,174.3,175.9,0,0,0,0
1231,2019-04-10,175.9,185.0,170.1,177.54,0,0,0,1
1232,2019-04-11,177.54,177.84,160.53,164.89,1,1,1,0
1233,2019-04-12,164.89,167.83,160.01,164.18,0,0,0,0
1234,2019-04-13,164.18,166.19,162.18,163.7,0,0,0,0
1235,2019-04-14,163.7,169.05,161.05,167.98,0,0,0,1
1236,2019-04-15,167.98,169.52,155.0,160.19,1,0,1,0
1237,2019-04-16,160.19,168.11,159.48,166.37,0,0,0,1
1238,2019-04-17,166.37,168.4,164.17,166.57,0,0,0,1
1239,2019-04-18,166.57,176.38,166.06,174.04,1,0,0,1
1240,2019-04-19,174.04,174.68,169.28,173.52,1,0,0,0
1241,2019-04-20,173.52,178.0,170.43,173.75,1,0,0,1
1242,2019-04-21,173.75,174.29,166.2,169.9,1,0,0,0
1243,2019-04-22,169.9,174.05,168.05,171.56,1,0,0,1
1244,2019-04-23,171.56,176.94,168.84,170.37,1,0,0,0
1245,2019-04-24,170.37,171.01,160.22,165.6,0,0,1,0
1246,2019-04-25,165.6,166.71,146.5,152.1,1,0,1,0
1247,2019-04-26,152.1,156.0,148.18,153.07,0,0,1,1
1248,2019-04-27,153.07,158.27,152.33,155.73,0,0,1,1
1249,2019-04-28,155.73,156.49,152.38,153.2,0,0,1,0
1250,2019-04-29,153.2,157.33,149.0,152.29,0,0,1,0
1251,2019-04-30,152.29,161.0,152.29,160.36,0,0,1,1
1252,2019-05-01,160.36,163.08,156.75,158.36,0,0,1,0
1253,2019-05-02,158.36,160.51,154.6,158.81,0,0,1,1
1254,2019-05-03,158.81,169.0,157.93,164.8,1,0,0,1
1255,2019-05-04,164.8,168.87,158.05,161.95,1,0,1,0
1256,2019-05-05,161.95,163.52,157.12,161.34,1,0,0,0
1257,2019-05-06,161.34,175.95,157.0,171.2,1,0,0,1
1258,2019-05-07,171.2,180.75,165.6,166.23,1,0,0,0
1259,2019-05-08,166.23,171.94,163.5,169.21,1,0,0,1
1260,2019-05-09,169.21,173.35,165.3,170.0,1,1,0,1
1261,2019-05-10,170.0,176.5,167.61,171.87,1,1,0,1
1262,2019-05-11,171.87,206.87,171.87,192.3,1,1,0,1
1263,2019-05-12,192.3,203.98,182.16,187.94,1,1,1,0
1264,2019-05-13,187.94,209.05,185.5,196.0,1,1,1,1
1265,2019-05-14,196.0,221.0,194.98,217.0,1,1,1,1
1266,2019-05-15,217.0,250.0,217.0,249.13,1,1,1,1
1267,2019-05-16,249.13,280.0,241.01,264.7,0,0,0,1
1268,2019-05-17,264.7,270.25,222.78,244.35,0,0,1,0
1269,2019-05-18,244.35,248.7,230.79,234.01,1,1,1,0
1270,2019-05-19,234.01,264.96,232.01,261.28,0,0,1,1
1271,2019-05-20,261.28,261.28,239.0,252.2,0,0,1,0
1272,2019-05-21,252.2,264.45,247.81,255.0,1,1,1,1
1273,2019-05-22,255.0,261.74,240.0,243.2,0,0,1,0
1274,2019-05-23,243.2,248.69,231.23,245.67,0,0,1,1
1275,2019-05-24,245.67,256.29,242.42,249.6,0,0,1,1
1276,2019-05-25,249.6,258.92,248.34,252.05,1,1,1,1
1277,2019-05-26,252.05,271.0,245.85,268.35,1,1,1,1
1278,2019-05-27,268.35,279.5,264.09,271.37,1,1,1,1
1279,2019-05-28,271.37,276.7,264.29,271.27,1,1,1,0
1280,2019-05-29,271.27,274.28,257.39,269.5,1,1,1,0
1281,2019-05-30,269.5,288.9,239.15,254.49,0,0,1,0
1282,2019-05-31,254.49,268.69,243.13,267.56,1,0,0,1
1283,2019-06-01,267.56,275.0,260.01,264.86,1,0,0,0
1284,2019-06-02,264.86,273.84,263.72,269.27,1,0,0,1
1285,2019-06-03,269.27,270.1,246.1,249.83,1,0,1,0
1286,2019-06-04,249.83,251.49,233.44,241.13,0,0,0,0
1287,2019-06-05,241.13,249.33,237.35,245.88,0,0,0,1
1288,2019-06-06,245.88,251.62,235.22,249.29,0,0,0,1
1289,2019-06-07,249.29,255.0,244.51,249.5,0,0,0,1
1290,2019-06-08,249.5,250.76,241.7,244.48,0,0,0,0
1291,2019-06-09,244.48,245.0,226.56,231.25,0,0,1,0
1292,2019-06-10,231.25,248.24,227.39,247.82,1,0,0,1
1293,2019-06-11,247.82,249.0,237.55,245.17,0,0,0,0
1294,2019-06-12,245.17,263.68,243.21,262.5,1,0,0,1
1295,2019-06-13,262.5,264.42,254.27,255.15,1,0,0,0
1296,2019-06-14,255.15,266.18,252.0,263.83,1,0,0,1
1297,2019-06-15,263.83,274.0,261.76,269.44,1,0,0,1
1298,2019-06-16,269.44,278.8,263.11,268.58,1,0,0,0
1299,2019-06-17,268.58,275.74,267.2,273.74,1,0,0,1
1300,2019-06-18,273.74,274.14,260.97,264.65,1,0,1,0
1301,2019-06-19,264.65,270.0,263.6,268.91,1,0,1,1
1302,2019-06-20,268.91,274.2,266.51,271.99,1,0,1,1
1303,2019-06-21,271.99,296.59,271.97,296.08,1,0,1,1
1304,2019-06-22,296.08,314.56,293.52,308.54,1,0,1,1
1305,2019-06-23,308.54,318.2,301.0,305.99,1,1,1,0
1306,2019-06-24,305.99,313.09,295.0,310.44,1,1,1,1
1307,2019-06-25,310.44,317.8,305.48,316.88,1,1,1,1
1308,2019-06-26,316.88,363.29,314.45,334.51,1,1,1,1
1309,2019-06-27,334.51,343.25,274.34,293.68,0,0,1,0
1310,2019-06-28,293.68,312.74,289.88,309.79,1,1,0,1
1311,2019-06-29,309.79,323.96,291.0,317.0,1,0,0,1
1312,2019-06-30,317.0,323.23,286.0,289.5,1,0,1,0
1313,2019-07-01,289.5,301.76,278.85,293.51,0,0,0,1
1314,2019-07-02,293.51,295.99,271.6,291.24,0,0,0,0
1315,2019-07-03,420.83,420.83,288.99,302.1,1,0,0,1
1316,2019-07-04,302.1,303.79,280.0,283.0,1,0,0,0
1317,2019-07-05,283.0,294.99,280.21,287.6,0,0,0,1
1318,2019-07-06,287.6,297.88,285.48,287.65,0,0,0,1
1319,2019-07-07,287.65,310.97,284.12,306.47,1,1,0,1
1320,2019-07-08,306.47,315.0,302.51,313.53,0,0,0,1
1321,2019-07-09,313.53,318.61,302.39,307.95,1,1,0,0
1322,2019-07-10,307.95,314.73,281.63,288.46,1,1,1,0
1323,2019-07-11,288.46,288.46,262.09,268.49,0,0,1,0
1324,2019-07-12,268.49,279.02,266.33,275.48,0,0,0,1
1325,2019-07-13,275.48,275.83,260.4,269.18,0,0,0,0
1326,2019-07-14,269.18,269.99,229.18,237.11,1,0,1,0
1327,2019-07-15,237.11,237.11,212.5,228.13,0,0,1,0
1328,2019-07-16,228.13,234.57,190.41,198.67,1,0,1,0
1329,2019-07-17,198.67,219.8,192.58,211.5,0,0,1,1
1330,2019-07-18,211.5,230.15,206.4,226.3,0,0,1,1
1331,2019-07-19,226.3,226.97,213.12,221.45,0,0,1,0
1332,2019-07-20,221.45,236.31,220.5,228.87,0,0,1,1
1333,2019-07-21,228.87,230.0,217.62,225.47,0,0,1,0
1334,2019-07-22,225.47,228.19,211.56,217.27,0,0,1,0
1335,2019-07-23,217.27,219.0,208.39,212.05,0,0,1,0
1336,2019-07-24,212.05,218.21,200.59,216.51,0,0,0,1
1337,2019-07-25,216.51,225.98,215.6,219.18,0,0,0,1
1338,2019-07-26,219.18,220.66,212.65,219.24,0,0,0,1
1339,2019-07-27,219.24,224.01,201.98,207.11,0,0,1,0
1340,2019-07-28,207.11,213.39,197.18,211.06,0,0,0,1
1341,2019-07-29,211.06,214.8,206.03,210.69,0,0,0,0
1342,2019-07-30,210.69,215.1,204.41,209.8,0,0,0,0
1343,2019-07-31,209.8,219.0,209.61,218.68,0,0,0,1
1344,2019-08-01,218.68,219.22,210.61,217.38,0,0,0,0
1345,2019-08-02,217.38,223.01,215.0,217.8,0,0,0,1
1346,2019-08-03,217.8,224.6,216.49,221.82,1,0,0,1
1347,2019-08-04,221.82,223.71,216.65,222.9,1,0,0,1
1348,2019-08-05,222.9,237.0,222.88,233.0,1,0,0,1
1349,2019-08-06,233.0,239.63,222.0,226.1,0,0,0,0
1350,2019-08-07,226.1,231.17,220.0,225.97,0,0,0,0
1351,2019-08-08,225.97,226.63,214.69,220.85,0,0,0,0
1352,2019-08-09,220.85,221.24,206.36,210.3,0,0,1,0
1353,2019-08-10,210.3,214.78,201.0,206.05,0,0,0,0
1354,2019-08-11,206.05,216.63,205.69,216.28,0,0,0,1
1355,2019-08-12,216.28,216.45,209.7,211.2,0,0,1,0
1356,2019-08-13,211.2,211.94,203.0,208.6,0,0,1,0
1357,2019-08-14,208.6,209.0,182.0,186.2,0,0,1,0
1358,2019-08-15,186.2,189.69,173.76,188.06,0,0,1,1
1359,2019-08-16,188.06,188.21,177.96,185.5,0,0,1,0
1360,2019-08-17,185.5,186.88,182.11,185.63,0,0,1,1
1361,2019-08-18,185.63,198.0,183.37,194.57,0,0,1,1
1362,2019-08-19,194.57,203.79,193.15,202.27,0,0,1,1
1363,2019-08-20,202.27,202.77,194.48,196.44,0,0,1,0
1364,2019-08-21,196.44,197.07,179.94,187.23,0,0,1,0
1365,2019-08-22,187.23,195.0,182.63,190.45,0,0,0,1
1366,2019-08-23,190.45,197.14,188.3,194.36,0,0,0,1
1367,2019-08-24,194.36,194.53,185.51,190.96,0,0,0,0
1368,2019-08-25,190.96,192.76,182.49,186.72,0,0,0,0
1369,2019-08-26,186.72,194.49,185.31,188.35,0,0,0,1
1370,2019-08-27,188.35,189.0,184.56,187.07,0,0,0,0
1371,2019-08-28,187.07,188.13,166.0,172.81,0,0,0,0
1372,2019-08-29,172.81,173.36,163.49,168.77,0,0,0,0
1373,2019-08-30,168.77,170.36,165.52,168.25,0,0,0,0
1374,2019-08-31,168.25,174.9,165.93,171.92,0,0,0,1
1375,2019-09-01,171.92,173.59,167.67,171.38,0,0,0,0
1376,2019-09-02,171.38,181.69,170.62,178.84,0,0,0,1
1377,2019-09-03,178.84,183.17,174.95,179.12,0,0,0,1
1378,2019-09-04,179.12,180.64,173.69,175.14,0,0,0,0
1379,2019-09-05,175.14,175.8,170.22,174.0,0,0,0,0
1380,2019-09-06,174.0,178.4,165.2,169.15,0,0,0,0
1381,2019-09-07,169.15,181.01,168.41,178.25,1,0,0,1
1382,2019-09-08,178.25,184.56,176.52,181.61,1,0,1,1
1383,2019-09-09,181.61,186.59,175.87,180.89,0,0,1,0
1384,2019-09-10,180.89,184.58,176.6,180.06,0,0,1,0
1385,2019-09-11,180.06,182.38,174.33,178.47,0,0,1,0
1386,2019-09-12,178.47,182.7,176.51,180.99,1,0,1,1
1387,2019-09-13,180.99,181.87,177.62,181.25,1,0,1,1
1388,2019-09-14,181.25,189.33,180.21,188.68,1,0,1,1
1389,2019-09-15,188.68,190.99,186.6,189.45,1,0,1,1
1390,2019-09-16,189.45,199.83,188.58,197.72,1,0,1,1
1391,2019-09-17,197.72,215.39,196.1,207.88,1,0,0,1
1392,2019-09-18,207.88,218.53,207.87,210.23,1,1,0,1
1393,2019-09-19,210.23,224.8,202.1,220.79,1,1,0,1
1394,2019-09-20,220.79,221.93,212.2,218.1,1,1,0,0
1395,2019-09-21,218.1,221.62,213.3,214.94,1,1,0,0
1396,2019-09-22,214.94,215.41,206.13,211.07,1,1,0,0
1397,2019-09-23,211.07,211.54,198.2,200.77,0,0,0,0
1398,2019-09-24,200.77,202.8,152.4,166.28,0,0,1,0
1399,2019-09-25,166.28,174.94,162.28,169.92,0,0,0,1
1400,2019-09-26,169.92,170.9,151.86,165.88,0,0,0,0
1401,2019-09-27,165.88,177.1,161.06,174.46,0,0,0,1
1402,2019-09-28,174.46,175.98,168.02,173.96,0,0,0,0
1403,2019-09-29,173.96,174.62,164.47,169.36,0,0,0,0
1404,2019-09-30,169.36,181.62,165.22,181.37,0,0,0,1
1405,2019-10-01,181.37,185.79,173.09,176.43,0,0,0,0
1406,2019-10-02,176.43,181.57,174.1,180.88,1,1,0,1
1407,2019-10-03,180.88,181.16,170.0,174.79,0,0,1,0
1408,2019-10-04,174.79,179.35,171.68,175.82,0,0,0,1
1409,2019-10-05,175.82,177.19,171.58,176.58,0,0,1,1
1410,2019-10-06,176.58,177.17,167.75,170.36,0,0,1,0
1411,2019-10-07,170.36,182.93,168.64,180.35,1,0,1,1
1412,2019-10-08,180.35,185.34,177.54,181.0,1,0,1,1
1413,2019-10-09,181.0,196.2,179.3,193.5,1,0,1,1
1414,2019-10-10,193.5,194.38,187.95,191.56,1,0,1,0
1415,2019-10-11,191.56,197.45,179.61,180.83,0,0,1,0
1416,2019-10-12,180.83,184.71,177.68,179.93,0,0,1,0
1417,2019-10-13,179.93,184.98,178.79,181.09,0,0,1,1
1418,2019-10-14,181.09,187.71,180.54,186.78,0,0,0,1
1419,2019-10-15,186.78,188.66,177.0,180.52,0,0,1,0
1420,2019-10-16,180.52,181.19,171.62,174.39,0,0,1,0
1421,2019-10-17,174.39,179.21,172.77,177.42,0,0,0,1
1422,2019-10-18,177.42,177.42,167.59,173.0,0,0,0,0
1423,2019-10-19,173.0,175.41,169.76,171.83,0,0,0,0
1424,2019-10-20,171.83,176.6,169.45,175.55,0,0,0,1
1425,2019-10-21,175.55,178.34,171.53,174.48,0,0,0,0
1426,2019-10-22,174.48,175.4,170.52,171.29,0,0,0,0
1427,2019-10-23,171.29,171.41,153.0,162.37,0,0,1,0
1428,2019-10-24,162.37,163.89,158.4,160.79,0,0,1,0
1429,2019-10-25,160.79,188.17,160.58,181.83,1,0,0,1
1430,2019-10-26,181.83,199.0,174.01,180.22,0,0,0,0
1431,2019-10-27,180.22,189.14,177.07,184.0,0,0,0,1
1432,2019-10-28,184.0,189.9,180.82,182.0,0,0,0,0
1433,2019-10-29,182.0,193.45,181.79,191.13,0,0,0,1
1434,2019-10-30,191.13,192.93,179.22,183.54,0,0,1,0
1435,2019-10-31,183.54,185.55,177.47,182.45,0,0,0,0
1436,2019-11-01,182.45,184.7,177.44,183.23,0,0,1,1
1437,2019-11-02,183.23,186.07,182.08,183.0,0,0,1,0
1438,2019-11-03,183.0,184.93,179.01,181.56,0,0,1,0
1439,2019-11-04,181.56,189.39,180.32,186.19,0,0,1,1
1440,2019-11-05,186.19,192.54,182.62,188.7,1,0,1,1
1441,2019-11-06,188.7,194.71,188.0,191.06,1,0,1,1
1442,2019-11-07,191.06,192.08,184.28,186.34,0,0,1,0
1443,2019-11-08,186.34,188.16,180.75,183.64,0,0,1,0
1444,2019-11-09,183.64,185.78,182.71,184.85,0,0,1,1
1445,2019-11-10,184.85,191.8,183.41,188.9,1,0,0,1
1446,2019-11-11,188.9,189.96,183.82,184.68,0,0,1,0
1447,2019-11-12,184.68,187.37,182.0,186.93,1,0,0,1
1448,2019-11-13,186.93,189.81,185.12,187.68,1,0,0,1
1449,2019-11-14,187.68,188.39,182.42,184.5,1,0,0,0
1450,2019-11-15,184.5,186.6,176.95,179.86,1,0,0,0
1451,2019-11-16,179.86,183.16,179.17,182.16,1,0,0,1
1452,2019-11-17,182.16,186.25,179.85,183.77,1,0,0,1
1453,2019-11-18,183.77,183.84,174.38,177.9,1,0,0,0
1454,2019-11-19,177.9,178.07,172.52,175.64,0,0,0,0
1455,2019-11-20,175.64,177.32,173.27,174.26,0,0,0,0
1456,2019-11-21,174.26,175.5,156.0,161.01,1,0,1,0
1457,2019-11-22,161.01,162.82,138.0,149.79,0,0,1,0
1458,2019-11-23,149.79,154.25,146.5,151.94,0,0,0,1
1459,2019-11-24,151.94,153.16,138.34,140.08,1,1,1,0
1460,2019-11-25,140.08,151.77,132.0,146.35,0,0,0,1
1461,2019-11-26,146.35,149.82,143.49,147.75,0,0,0,1
1462,2019-11-27,147.75,155.96,141.1,152.85,0,0,0,1
1463,2019-11-28,152.85,154.82,149.44,151.22,0,0,1,0
1464,2019-11-29,151.22,157.98,150.69,154.78,0,0,1,1
1465,2019-11-30,154.78,155.34,150.01,151.74,0,0,1,0
1466,2019-12-01,151.74,152.49,146.0,150.76,0,0,1,0
1467,2019-12-02,150.76,151.49,146.96,148.85,0,0,1,0
1468,2019-12-03,148.85,149.95,145.08,147.37,0,0,1,0
1469,2019-12-04,147.37,153.12,143.25,145.3,0,0,1,0
1470,2019-12-05,145.3,148.85,143.91,147.99,0,0,1,1
1471,2019-12-06,147.99,149.8,145.94,148.9,0,0,1,1
1472,2019-12-07,148.9,149.8,147.12,147.37,0,0,1,0
1473,2019-12-08,147.37,151.9,146.45,150.72,0,0,0,1
1474,2019-12-09,150.72,151.35,146.42,147.32,0,0,1,0
1475,2019-12-10,147.32,148.19,143.41,145.58,0,0,0,0
1476,2019-12-11,145.58,146.22,142.0,143.09,0,0,0,0
1477,2019-12-12,143.09,145.73,140.49,144.88,0,0,0,1
1478,2019-12-13,144.88,145.1,142.73,144.48,0,0,0,0
1479,2019-12-14,144.48,145.02,141.06,141.77,0,0,0,0
1480,2019-12-15,141.77,143.85,139.65,142.28,0,0,0,1
1481,2019-12-16,142.28,142.49,130.0,132.41,0,0,1,0
1482,2019-12-17,132.41,132.74,119.62,121.75,0,0,1,0
1483,2019-12-18,121.75,134.86,115.44,132.88,0,0,0,1
1484,2019-12-19,126.88,133.99,125.77,128.12,0,0,1,0
1485,2019-12-20,128.12,129.37,125.97,128.26,0,0,0,1
1486,2019-12-21,128.26,128.44,126.68,127.02,0,0,0,0
1487,2019-12-22,127.02,133.2,127.0,132.3,0,0,0,1
1488,2019-12-23,132.3,135.1,126.1,128.0,0,0,1,0
1489,2019-12-24,128.0,129.46,126.64,127.74,0,0,0,0
1490,2019-12-25,127.74,127.79,122.96,124.87,0,0,1,0
1491,2019-12-26,124.87,131.96,124.19,125.51,0,0,1,1
1492,2019-12-27,125.51,126.7,122.22,126.25,0,0,1,1
1493,2019-12-28,126.25,129.79,125.91,127.83,0,0,1,1
1494,2019-12-29,127.83,137.81,127.37,134.31,0,0,1,1
1495,2019-12-30,134.31,136.02,129.86,131.1,0,0,1,0
1496,2019-12-31,131.1,133.28,127.79,128.6,0,0,1,0
1497,2020-01-01,128.66,132.86,128.19,130.33,0,0,1,1
1498,2020-01-02,130.33,130.33,126.0,126.72,0,0,1,0
1499,2020-01-03,126.72,134.72,125.4,134.0,0,0,1,1
1500,2020-01-04,134.0,135.91,132.58,134.14,0,0,0,1
1501,2020-01-05,134.14,138.3,133.83,135.27,0,0,0,1
1502,2020-01-06,135.27,144.57,134.86,144.34,0,0,0,1
1503,2020-01-07,144.34,145.32,138.98,143.2,0,0,0,0
1504,2020-01-08,143.2,147.95,137.03,140.7,0,0,0,0
1505,2020-01-09,140.7,141.57,135.33,137.91,0,0,0,0
1506,2020-01-10,137.91,145.32,135.14,144.92,0,0,0,1
1507,2020-01-11,144.92,147.92,141.28,142.62,0,0,0,0
1508,2020-01-12,142.62,146.5,141.53,146.5,1,1,0,1
1509,2020-01-13,146.5,146.99,142.0,143.58,1,1,1,0
1510,2020-01-14,143.58,170.0,143.45,166.19,1,1,1,1
1511,2020-01-15,166.19,171.61,159.05,166.31,1,1,1,1
1512,2020-01-16,166.31,167.27,158.42,164.17,0,0,1,0
1513,2020-01-17,164.17,174.0,161.98,169.59,1,1,0,1
1514,2020-01-18,169.59,179.0,164.87,174.03,0,0,0,1
1515,2020-01-19,174.03,178.06,161.77,166.84,0,0,0,0
1516,2020-01-20,166.84,169.2,160.9,166.61,1,1,0,0
1517,2020-01-21,166.61,170.01,164.61,169.3,1,1,0,1
1518,2020-01-22,169.3,170.92,165.61,167.66,0,0,1,0
1519,2020-01-23,167.66,167.67,159.0,162.5,0,0,1,0
1520,2020-01-24,162.5,164.3,155.25,162.32,0,0,1,0
1521,2020-01-25,162.32,162.48,157.43,160.12,0,0,1,0
1522,2020-01-26,160.12,167.65,159.06,167.4,1,1,1,1
1523,2020-01-27,167.4,171.77,164.94,169.88,1,1,1,1
1524,2020-01-28,169.88,176.89,169.88,176.41,1,1,1,1
1525,2020-01-29,176.41,179.0,172.95,173.48,1,1,1,0
1526,2020-01-30,173.48,186.6,170.5,184.34,1,1,1,1
1527,2020-01-31,184.34,185.47,175.0,179.68,1,1,1,0
1528,2020-02-01,179.68,184.0,178.92,183.41,1,1,0,1
1529,2020-02-02,183.41,193.3,178.9,188.25,1,1,0,1
1530,2020-02-03,188.25,195.14,186.43,189.78,1,1,0,1
1531,2020-02-04,189.78,191.28,184.0,188.35,1,1,0,0
1532,2020-02-05,188.35,207.95,187.71,203.76,1,1,0,1
1533,2020-02-06,203.76,216.4,201.19,212.92,1,1,0,1
1534,2020-02-07,212.92,224.77,212.92,222.91,1,1,0,1
1535,2020-02-08,222.91,228.0,213.41,223.27,0,0,0,1
1536,2020-02-09,223.27,230.8,222.98,228.64,0,0,0,1
1537,2020-02-10,228.64,229.4,216.6,223.0,1,1,1,0
1538,2020-02-11,223.0,239.89,217.7,237.83,1,1,1,1
1539,2020-02-12,237.83,275.88,237.83,266.4,1,1,1,1
1540,2020-02-13,266.4,278.0,254.22,268.64,0,0,0,1
1541,2020-02-14,268.64,287.71,259.63,285.96,0,0,0,1
1542,2020-02-15,285.96,288.98,261.0,264.92,0,0,0,0
1543,2020-02-16,264.92,274.03,237.0,258.82,0,0,0,0
1544,2020-02-17,258.82,268.99,242.51,268.22,1,1,0,1
1545,2020-02-18,268.22,286.49,259.46,282.82,1,1,1,1
1546,2020-02-19,282.82,287.0,251.25,258.85,0,0,1,0
1547,2020-02-20,258.85,264.24,244.24,257.96,0,0,1,0
1548,2020-02-21,257.96,268.5,254.24,265.58,1,0,1,1
1549,2020-02-22,265.58,267.01,256.1,262.48,1,0,1,0
1550,2020-02-23,262.48,276.58,261.75,275.73,1,0,1,1
1551,2020-02-24,275.73,278.26,256.83,265.81,1,0,1,0
1552,2020-02-25,265.81,266.25,244.0,246.7,0,0,1,0
1553,2020-02-26,246.7,249.89,215.67,223.71,0,0,1,0
1554,2020-02-27,223.71,238.13,208.0,227.5,0,0,0,1
1555,2020-02-28,227.5,234.39,213.68,227.09,0,0,1,0
1556,2020-02-29,227.09,233.31,216.91,217.78,0,0,1,0
1557,2020-03-01,217.78,228.0,212.02,217.5,0,0,0,0
1558,2020-03-02,217.5,235.52,215.69,232.0,0,0,0,1
1559,2020-03-03,232.0,232.99,220.25,223.53,0,0,0,0
1560,2020-03-04,223.53,228.89,220.47,224.48,0,0,0,1
1561,2020-03-05,224.48,234.6,224.48,228.66,1,0,0,1
1562,2020-03-06,228.66,246.27,227.67,245.74,1,0,0,1
1563,2020-03-07,245.74,252.5,236.22,237.6,1,0,0,0
1564,2020-03-08,237.6,237.6,196.0,199.89,1,0,1,0
1565,2020-03-09,199.89,208.68,189.07,203.38,0,0,0,1
1566,2020-03-10,203.38,206.42,194.77,200.15,0,0,1,0
1567,2020-03-11,200.15,203.0,182.0,194.81,0,0,0,0
1568,2020-03-12,194.81,195.58,101.52,108.78,1,1,1,0
1569,2020-03-13,108.78,145.1,89.8,135.45,1,1,1,1
1570,2020-03-14,135.45,135.45,120.34,122.28,1,1,1,0
1571,2020-03-15,122.28,133.97,119.86,123.24,1,1,0,1
1572,2020-03-16,123.24,123.76,100.63,110.97,1,1,1,0
1573,2020-03-17,110.97,121.45,109.68,116.11,1,1,1,1
1574,2020-03-18,116.11,118.72,110.19,118.61,1,1,1,1
1575,2020-03-19,118.61,143.34,115.84,136.75,0,0,1,1
1576,2020-03-20,136.75,153.49,115.0,133.5,0,0,1,0
1577,2020-03-21,133.5,138.33,125.79,132.64,0,0,1,0
1578,2020-03-22,132.64,137.38,108.1,122.38,1,1,1,0
1579,2020-03-23,122.38,138.25,119.26,136.58,0,0,1,1
1580,2020-03-24,136.58,144.3,133.19,139.22,0,0,1,1
1581,2020-03-25,139.22,143.43,132.68,136.35,0,0,1,0
1582,2020-03-26,136.35,140.04,133.57,139.01,0,0,0,1
1583,2020-03-27,139.01,141.83,129.19,131.59,1,0,1,0
1584,2020-03-28,131.59,133.3,125.0,131.38,0,0,0,0
1585,2020-03-29,131.38,131.99,123.94,124.36,1,0,1,0
1586,2020-03-30,124.36,135.47,124.02,132.28,0,0,0,1
1587,2020-03-31,132.28,135.36,130.35,133.1,0,0,0,1
1588,2020-04-01,133.1,137.41,128.85,135.88,0,0,0,1
1589,2020-04-02,135.88,150.7,135.65,141.48,0,0,0,1
1590,2020-04-03,141.48,146.9,137.1,141.32,0,0,0,0
1591,2020-04-04,141.32,146.63,139.09,144.4,0,0,0,1
1592,2020-04-05,144.4,145.96,140.8,142.88,0,0,1,0
1593,2020-04-06,142.88,172.4,142.85,171.64,1,0,1,1
1594,2020-04-07,171.64,176.55,162.15,164.6,0,0,1,0
1595,2020-04-08,164.6,174.62,163.52,173.78,0,0,0,1
1596,2020-04-09,173.78,174.04,165.25,169.92,0,0,0,0
1597,2020-04-10,169.92,170.33,152.46,158.17,0,0,1,0
1598,2020-04-11,158.17,161.53,154.2,158.58,0,0,0,1
1599,2020-04-12,158.58,165.84,155.45,158.72,0,0,1,1
1600,2020-04-13,158.72,159.47,150.0,156.77,0,0,1,0
1601,2020-04-14,156.77,162.26,155.55,158.59,0,0,1,1
1602,2020-04-15,158.59,161.47,151.82,152.62,0,0,1,0
1603,2020-04-16,152.62,175.41,147.0,172.73,0,0,1,1
1604,2020-04-17,172.73,175.0,168.38,170.92,0,0,1,0
1605,2020-04-18,170.92,189.89,170.8,187.65,0,0,1,1
1606,2020-04-19,187.65,188.66,176.0,180.22,0,0,1,0
1607,2020-04-20,180.22,186.76,166.13,170.49,0,0,1,0
1608,2020-04-21,170.49,174.79,168.32,170.99,0,0,1,1
1609,2020-04-22,170.99,184.69,170.09,183.16,0,0,0,1
1610,2020-04-23,183.16,194.38,178.52,185.68,0,0,0,1
1611,2020-04-24,185.68,190.24,184.2,187.72,0,0,0,1
1612,2020-04-25,187.72,198.0,185.81,194.52,0,0,0,1
1613,2020-04-26,194.52,200.0,192.5,197.83,0,0,0,1
1614,2020-04-27,197.83,199.33,187.3,196.84,0,0,0,0
1615,2020-04-28,196.84,198.1,192.42,196.71,0,0,0,0
1616,2020-04-29,196.71,219.09,196.71,215.45,1,1,1,1
1617,2020-04-30,215.45,227.53,202.4,206.2,0,0,0,0
1618,2020-05-01,206.2,217.42,206.14,211.88,0,0,1,1
1619,2020-05-02,211.88,215.71,210.54,214.11,0,0,1,1
1620,2020-05-03,214.11,219.32,203.8,209.9,0,0,1,0
1621,2020-05-04,209.9,210.8,195.15,206.99,0,0,1,0
1622,2020-05-05,206.99,212.19,200.82,205.62,0,0,0,0
1623,2020-05-06,205.62,211.31,197.0,199.48,0,0,0,0
1624,2020-05-07,199.48,215.18,196.99,212.34,1,0,0,1
1625,2020-05-08,212.34,217.08,207.21,211.62,0,0,0,0
1626,2020-05-09,211.62,214.72,208.4,210.03,0,0,0,0
1627,2020-05-10,210.03,210.03,180.4,188.02,0,0,1,0
1628,2020-05-11,188.02,194.85,176.56,185.89,0,0,1,0
1629,2020-05-12,185.89,192.42,185.73,189.72,0,0,1,1
1630,2020-05-13,189.72,201.41,188.55,200.07,0,0,1,1
1631,2020-05-14,200.07,206.16,195.53,203.43,0,0,1,1
1632,2020-05-15,203.43,204.23,191.3,194.76,0,0,1,0
1633,2020-05-16,194.76,203.33,193.21,200.5,0,0,1,1
1634,2020-05-17,200.5,209.92,199.44,206.94,1,0,1,1
1635,2020-05-18,206.94,216.98,206.94,214.91,1,0,1,1
1636,2020-05-19,214.91,215.99,209.31,214.76,1,0,1,0
1637,2020-05-20,214.76,215.45,205.57,209.87,1,0,1,0
1638,2020-05-21,209.87,211.41,191.31,198.35,1,0,1,0
1639,2020-05-22,198.35,209.33,196.21,207.23,1,0,0,1
1640,2020-05-23,207.23,211.5,204.68,206.71,1,0,0,0
1641,2020-05-24,206.71,210.68,199.5,199.53,1,0,0,0
1642,2020-05-25,199.53,205.57,198.03,204.11,0,0,0,1
1643,2020-05-26,204.11,204.9,196.51,200.85,0,0,0,0
1644,2020-05-27,200.85,208.35,200.81,208.28,1,0,0,1
1645,2020-05-28,208.28,220.7,204.66,220.26,1,0,0,1
1646,2020-05-29,220.26,224.7,217.67,220.65,1,0,1,1
1647,2020-05-30,220.65,247.28,218.7,243.7,1,0,1,1
1648,2020-05-31,243.7,245.48,229.5,231.76,1,1,1,0
1649,2020-06-01,231.76,251.29,230.56,248.45,1,1,0,1
1650,2020-06-02,248.45,253.54,218.48,237.55,0,0,1,0
1651,2020-06-03,237.55,245.02,233.47,244.54,1,1,0,1
1652,2020-06-04,244.54,246.66,235.54,243.4,1,0,0,0
1653,2020-06-05,243.4,247.89,239.04,240.03,1,0,0,0
1654,2020-06-06,240.03,244.5,237.67,242.01,1,0,0,1
1655,2020-06-07,242.01,245.93,234.37,244.9,1,0,1,1
1656,2020-06-08,244.9,247.77,241.2,246.62,1,0,1,1
1657,2020-06-09,246.62,249.9,237.78,244.0,1,0,1,0
1658,2020-06-10,244.0,250.49,242.22,247.96,1,0,1,1
1659,2020-06-11,247.96,250.15,225.71,230.11,0,0,1,0
1660,2020-06-12,230.11,239.22,228.01,237.57,1,0,1,1
1661,2020-06-13,237.57,238.64,234.62,237.92,1,0,1,1
1662,2020-06-14,237.92,238.69,230.0,231.68,1,0,1,0
1663,2020-06-15,231.68,233.8,218.1,230.97,1,1,1,0
1664,2020-06-16,230.97,236.25,228.78,235.33,1,1,0,1
1665,2020-06-17,235.33,237.38,227.71,233.61,1,1,0,0
1666,2020-06-18,233.61,234.45,227.55,231.38,1,1,0,0
1667,2020-06-19,231.38,232.09,226.26,228.62,1,1,0,0
1668,2020-06-20,228.62,230.66,224.6,228.78,1,1,0,1
1669,2020-06-21,228.78,231.0,227.1,227.85,1,1,0,0
1670,2020-06-22,227.85,246.99,227.27,243.22,1,1,0,1
1671,2020-06-23,243.22,245.09,240.85,243.03,1,1,0,0
1672,2020-06-24,243.03,249.28,230.73,234.54,1,1,0,0
1673,2020-06-25,234.54,235.12,227.33,232.32,1,0,0,0
1674,2020-06-26,232.32,233.19,226.86,229.36,1,0,1,0
1675,2020-06-27,229.36,230.89,215.9,220.63,0,0,1,0
1676,2020-06-28,220.63,227.57,217.8,224.99,0,0,0,1
1677,2020-06-29,224.99,229.82,221.19,227.8,1,1,0,1
1678,2020-06-30,227.8,228.78,222.8,225.68,1,0,0,0
1679,2020-07-01,225.68,233.0,224.16,231.11,1,0,0,1
1680,2020-07-02,231.11,232.07,223.0,226.41,1,0,0,0
1681,2020-07-03,226.41,228.27,224.3,225.01,1,0,0,0
1682,2020-07-04,225.01,230.68,224.52,229.25,1,0,0,1
1683,2020-07-05,229.25,229.97,223.57,226.38,0,0,0,0
