time,open,high,low,close,volume,date,DR,ROC,y_pred_val,y_pred,y_pred_id,signal
1538179200,221.34,236.08,213.13,230.82,73673.88608482,2018-09-29,1.0428300352399025,26.117364222489336,0.0,False,0.0,Sell
1538265600,230.27,237.87,224.37,231.96,41576.04308597,2018-09-30,1.0049389134390434,9.528756256492589,0.0,False,0.0,Sell
1538352000,231.96,235.0,223.52,230.0,41555.22057039,2018-10-01,0.9915502672874633,10.301170151544214,1.0,True,1000.0,Buy
1538438400,230.0,230.92,221.2,224.59,26674.04889734,2018-10-02,0.9764782608695652,1.2761544011544057,1.0,True,1000.0,Buy
1538524800,224.58,225.03,214.22,219.02,61653.91248192,2018-10-03,0.9751992519702569,-0.35033441011874666,1.0,True,1000.0,Buy
1538611200,219.01,225.07,218.3,221.0,43440.08876852,2018-10-04,1.0090402702949501,12.893338782182262,1.0,True,1000.0,Buy
1538697600,221.0,230.0,218.5,226.66,43190.78148378,2018-10-05,1.0256108597285067,8.856017673614435,1.0,True,1000.0,Buy
1538784000,226.61,227.22,222.51,223.75,28107.92509725,2018-10-06,0.9871613870996206,6.633941762379059,1.0,True,1000.0,Buy
1538870400,223.75,225.32,220.0,224.5,25896.2043152,2018-10-07,1.0033519553072625,0.30381556607987914,1.0,True,1000.0,Buy
1538956800,224.5,230.69,222.59,227.92,51208.87272455,2018-10-08,1.0152338530066816,-7.8738884397736575,1.0,True,1000.0,Buy
1539043200,227.92,228.66,224.51,226.3,23762.82814036,2018-10-09,0.992892242892243,-5.8965402528276645,1.0,True,1000.0,Buy
1539129600,226.31,226.31,221.0,223.33,38339.25638356,2018-10-10,0.9868758285461776,-8.699562568987362,0.0,False,0.0,Sell
1539216000,223.33,223.33,184.11,188.2,193871.1605214,2018-10-11,0.8426991447633546,-17.474238105678587,0.0,False,0.0,Sell
1539302400,188.2,197.96,186.62,193.79,53519.44679542,2018-10-12,1.0297024442082892,-11.551802829758106,0.0,False,0.0,Sell
1539388800,193.79,199.5,192.68,196.71,30064.34688345,2018-10-13,1.0150678569585634,-8.036465638148671,0.0,False,0.0,Sell
1539475200,196.71,199.37,189.11,191.83,31626.0388181,2018-10-14,0.9751919068679783,-16.25703933295498,0.0,False,0.0,Sell
1539561600,191.83,220.0,190.02,204.73,182745.52583687,2018-10-15,1.0672470416514621,-7.504292039396409,0.0,False,0.0,Sell
1539648000,204.73,208.31,201.91,205.69,38700.28838694,2018-10-16,1.0046891027206566,-10.887271466943938,0.0,False,0.0,Sell
1539734400,205.69,206.25,200.72,203.56,34194.06457547,2018-10-17,0.989644610822111,-12.24349025694086,0.0,False,0.0,Sell
1539820800,203.57,205.26,196.09,199.09,46152.01213867,2018-10-18,0.9780408724700335,-13.439130434782609,0.0,False,0.0,Sell
1539907200,199.09,201.19,197.18,200.12,28144.29952844,2018-10-19,1.0051735396052037,-10.895409412707602,0.0,False,0.0,Sell
1539993600,200.06,204.1,198.56,202.59,24658.25220001,2018-10-20,1.012342594443334,-7.501598027577394,0.0,False,0.0,Sell
1540080000,202.59,206.36,201.45,202.11,20007.67808791,2018-10-21,0.9976306826595588,-8.547511312217193,0.0,False,0.0,Sell
1540166400,202.11,203.93,199.5,201.15,21349.67240121,2018-10-22,0.9952501113255158,-11.25474278655254,0.0,False,0.0,Sell
1540252800,201.13,202.32,197.75,201.12,29949.9092816,2018-10-23,0.9998508575689784,-10.113966480446923,0.0,False,0.0,Sell
1540339200,201.12,202.98,200.13,200.8,21917.01003424,2018-10-24,0.9984089101034209,-10.556792873051224,0.0,False,0.0,Sell
1540425600,200.8,200.94,198.2,199.6,23445.69647133,2018-10-25,0.99402390438247,-12.425412425412418,0.0,False,0.0,Sell
1540512000,199.6,205.59,198.32,200.71,34838.47342388,2018-10-26,1.0055611222444891,-11.307998232434823,0.0,False,0.0,Sell
1540598400,200.71,201.91,200.03,201.43,12405.5290735,2018-10-27,1.0035872652085098,-9.806116509201635,0.0,False,0.0,Sell
1540684800,201.43,203.45,201.0,202.42,12596.62462142,2018-10-28,1.0049148587598669,7.555791710945803,0.0,False,0.0,Sell
1540771200,202.42,202.88,191.0,194.39,52299.84236981,2018-10-29,0.9603300069163127,0.3096134991485533,0.0,False,0.0,Sell
1540857600,194.4,197.44,193.14,195.29,21494.44164505,2018-10-30,1.004629867791553,-0.7218748411367049,1.0,True,1000.0,Buy
1540944000,195.29,198.99,191.65,196.88,38252.14209317,2018-10-31,1.0081417379282094,2.6325392274409554,1.0,True,1000.0,Buy
1541030400,196.88,198.75,195.59,197.79,21259.64878775,2018-11-01,1.0046221048354327,-3.3898305084745783,1.0,True,1000.0,Buy
1541116800,197.79,201.53,197.74,199.6,28806.85433656,2018-11-02,1.0091511198746146,-2.960766201565468,1.0,True,1000.0,Buy
1541203200,199.6,199.88,197.08,198.41,12001.75587071,2018-11-03,0.9940380761523047,-2.52996659461584,1.0,True,1000.0,Buy
1541289600,198.41,218.58,197.87,210.13,67660.74570351,2018-11-04,1.0590696033466056,5.545230800140644,1.0,True,1000.0,Buy
1541376000,210.13,211.59,205.27,208.7,30664.20562984,2018-11-05,0.9931946890020463,4.2874275434739095,1.0,True,1000.0,Buy
1541462400,208.7,219.3,206.5,218.43,58385.61697671,2018-11-06,1.046621945376138,7.818747223456235,1.0,True,1000.0,Buy
1541548800,218.51,223.17,215.52,216.95,67833.22082829,2018-11-07,0.9932243739413084,7.342536242640141,1.0,True,1000.0,Buy
1541635200,216.95,218.39,209.97,210.1,33198.50665634,2018-11-08,0.9684259045863103,4.449415858811823,1.0,True,1000.0,Buy
1541721600,210.1,212.31,206.21,207.9,40044.64956006,2018-11-09,0.9895287958115184,3.371121718377079,1.0,True,1000.0,Buy
1541808000,207.9,213.5,207.7,210.21,18947.25873986,2018-11-10,1.011111111111111,4.686254980079685,1.0,True,1000.0,Buy
1541894400,210.21,211.44,205.2,209.79,30520.58518124,2018-11-11,0.998001998001998,5.105210420841688,1.0,True,1000.0,Buy
1541980800,209.79,210.98,206.81,208.64,22023.61198851,2018-11-12,0.9945183278516612,3.950974042150346,1.0,True,1000.0,Buy
1542067200,208.4,208.59,202.61,203.25,40842.38019337,2018-11-13,0.974166027607362,0.9035396912078664,1.0,True,1000.0,Buy
1542153600,203.25,205.4,165.0,177.8,237599.85030569,2018-11-14,0.8747847478474785,-12.162829759905136,1.0,True,1000.0,Buy
1542240000,177.78,181.05,165.0,178.38,144185.13226192,2018-11-15,1.00326209223847,-8.236020371418274,1.0,True,1000.0,Buy
1542326400,178.38,180.38,169.03,172.4,71991.30758497,2018-11-16,0.9664760623388273,-11.721030262686249,0.0,False,0.0,Sell
1542412800,172.4,173.87,170.5,172.25,30710.91901243,2018-11-17,0.9991299303944315,-12.510158472165788,0.0,False,0.0,Sell
1542499200,172.23,179.69,171.51,175.78,38829.59022251,2018-11-18,1.0204934687953555,-11.127964002224576,0.0,False,0.0,Sell
1542585600,175.77,175.77,142.62,145.5,211991.41319316,2018-11-19,0.8277392194788941,-27.104208416833664,0.0,False,0.0,Sell
1542672000,145.34,149.8,121.32,127.72,403662.01165438,2018-11-20,0.8778006872852233,-35.6282445441258,0.0,False,0.0,Sell
1542758400,127.71,137.89,121.83,134.6,184183.8503363,2018-11-21,1.0538678358910116,-35.944415361918814,0.0,False,0.0,Sell
1542844800,134.6,136.76,122.24,123.29,100251.86465512,2018-11-22,0.9159732540861814,-40.92477240057498,0.0,False,0.0,Sell
1542931200,123.29,125.73,116.27,121.19,168203.81041456,2018-11-23,0.9829669884013301,-44.51769445588977,0.0,False,0.0,Sell
1543017600,121.19,126.32,107.44,110.55,203753.97014755,2018-11-24,0.9122039772258437,-49.04355842359991,0.0,False,0.0,Sell
1543104000,110.58,119.54,98.04,114.29,352690.22310365,2018-11-25,1.0338308457711443,-45.60209424083769,0.0,False,0.0,Sell
1543190400,114.25,116.94,102.52,106.74,200563.70475666,2018-11-26,0.933939977250853,-48.65800865800867,0.0,False,0.0,Sell
1543276800,106.79,111.85,99.0,108.63,150267.19883719,2018-11-27,1.0177065767284992,-48.32310546596261,0.0,False,0.0,Sell
1543363200,108.63,125.77,108.63,121.73,221630.38555064,2018-11-28,1.120592838074197,-41.9753086419753,0.0,False,0.0,Sell
1543449600,121.73,123.0,113.1,116.26,119815.31883037,2018-11-29,0.9550644869793806,-44.27722392638036,0.0,False,0.0,Sell
1543536000,116.26,119.79,109.14,111.64,125360.23610449,2018-11-30,0.9602614828831928,-45.07257072570726,0.0,False,0.0,Sell
1543622400,111.64,119.44,109.84,116.95,73622.84234606,2018-12-01,1.0475635972769617,-34.22384701912261,0.0,False,0.0,Sell
1543708800,116.95,119.7,113.84,114.67,51928.0926832,2018-12-02,0.9805044890979051,-35.71588743132638,0.0,False,0.0,Sell
1543795200,115.01,115.18,105.0,107.11,95660.20339906,2018-12-03,0.9340716839626755,-37.87122969837588,0.0,False,0.0,Sell
1543881600,107.11,112.0,105.0,108.68,73265.33388177,2018-12-04,1.0146578284007097,-36.90566037735849,0.0,False,0.0,Sell
1543968000,108.68,109.2,100.01,100.5,118821.48032522,2018-12-05,0.9247331615752667,-42.82626009784959,0.0,False,0.0,Sell
1544054400,100.5,103.33,88.88,89.09,289463.63961944,2018-12-06,0.8864676616915423,-38.76975945017181,0.0,False,0.0,Sell
1544140800,89.09,103.9,81.0,92.51,383712.00779486,2018-12-07,1.0383881468178247,-27.568117757594734,0.0,False,0.0,Sell
1544227200,92.57,97.99,83.71,89.93,215891.87955628,2018-12-08,0.9721111231218247,-33.18722139673105,0.0,False,0.0,Sell
1544313600,89.9,98.3,87.88,92.8,176857.90835199,2018-12-09,1.0319137106638496,-24.730310649687738,0.0,False,0.0,Sell
1544400000,92.8,94.71,87.32,89.22,118424.70396029,2018-12-10,0.9614224137931034,-26.380064361746015,0.0,False,0.0,Sell
1544486400,89.22,90.85,85.03,86.8,122585.8507946,2018-12-11,0.9728760367630576,-21.483491632745366,0.0,False,0.0,Sell
1544572800,86.8,91.95,85.5,89.14,105065.54699986,2018-12-12,1.0269585253456222,-22.00542479657013,0.0,False,0.0,Sell
1544659200,89.14,90.46,83.0,85.19,186870.60795813,2018-12-13,0.9556876822975096,-20.189244894135282,0.0,False,0.0,Sell
1544745600,85.19,86.2,80.56,82.84,150055.48875346,2018-12-14,0.9724146026528936,-23.7411396483476,0.0,False,0.0,Sell
1544832000,82.84,84.2,80.96,82.82,93791.33226328,2018-12-15,0.9997585707387734,-31.964183028012826,0.0,False,0.0,Sell
1544918400,82.82,88.05,82.65,83.68,84644.70018228,2018-12-16,1.010383965225791,-28.023395836917253,0.0,False,0.0,Sell
1545004800,83.66,96.75,83.29,93.75,204253.0997886,2018-12-17,1.1203393881453154,-16.024722321748474,0.0,False,0.0,Sell
1545091200,93.75,102.0,91.54,100.99,161272.34325125,2018-12-18,1.0772266666666666,-13.646857631466446,0.0,False,0.0,Sell
1545177600,100.99,107.8,98.26,99.4,314692.61781077,2018-12-19,0.9842558669175167,-13.316473358332603,0.0,False,0.0,Sell
1545264000,99.4,117.77,98.54,114.24,285713.83415625,2018-12-20,1.1492957746478871,6.656708057137517,0.0,False,0.0,Sell
1545350400,114.24,119.0,105.1,107.68,216599.51493948,2018-12-21,0.942577030812325,-0.920132499079862,0.0,False,0.0,Sell
1545436800,107.74,116.24,105.34,116.17,142927.45025097,2018-12-22,1.0788447251114412,15.592039800995018,1.0,True,1000.0,Buy
1545523200,116.17,133.0,115.86,129.32,237041.08221236,2018-12-23,1.113196178014978,45.156583230441115,1.0,True,1000.0,Buy
1545609600,129.32,159.2,129.32,139.4,377128.3134522,2018-12-24,1.0779461800185588,50.68641227975355,1.0,True,1000.0,Buy
1545696000,139.4,140.22,120.99,129.12,258828.87092717,2018-12-25,0.9262553802008608,43.5783387078839,1.0,True,1000.0,Buy
1545782400,129.12,137.46,123.2,130.34,187036.28126784,2018-12-26,1.009448574969021,40.452586206896555,1.0,True,1000.0,Buy
1545868800,130.34,131.77,112.43,114.41,151254.02449324,2018-12-27,0.8777811876630351,28.233579914817298,1.0,True,1000.0,Buy
1545955200,114.53,138.86,113.03,137.18,191206.65538017,2018-12-28,1.199021064592256,58.0414746543779,1.0,True,1000.0,Buy
1546041600,137.17,147.0,130.98,133.95,220436.48249614,2018-12-29,0.9764542936288088,50.26923939869867,1.0,True,1000.0,Buy
1546128000,134.0,140.54,128.14,138.72,133257.13320832,2018-12-30,1.0356103023516239,62.83601361662168,1.0,True,1000.0,Buy
1546214400,138.72,139.18,127.78,130.86,92597.12568249,2018-12-31,0.9433391003460209,57.96716562047322,1.0,True,1000.0,Buy
1546300800,130.86,141.35,129.52,139.91,98843.53850293,2019-01-01,1.0691578786489377,68.93262496981407,1.0,True,1000.0,Buy
1546387200,139.91,157.09,138.68,153.51,154873.09991373,2019-01-02,1.097205346294046,83.44885277246652,1.0,True,1000.0,Buy
1546473600,153.51,154.47,143.51,146.98,147333.53335656,2019-01-03,0.9574620545892776,56.778666666666666,1.0,True,1000.0,Buy
1546560000,146.98,156.14,144.77,153.48,153293.15648701,2019-01-04,1.0442237039052933,51.97544311317952,1.0,True,1000.0,Buy
1546646400,153.27,161.0,152.5,153.93,142840.88559179,2019-01-05,1.002931978107897,54.85915492957747,1.0,True,1000.0,Buy
1546732800,153.93,160.0,147.16,155.83,138557.51195439,2019-01-06,1.0123432729162607,36.40581232492999,1.0,True,1000.0,Buy
1546819200,155.83,157.5,147.76,150.52,121199.1017158,2019-01-07,0.9659244048001027,39.78454680534917,1.0,True,1000.0,Buy
1546905600,150.52,153.0,146.15,148.88,114109.54873516,2019-01-08,0.9891044379484453,28.157011276577414,1.0,True,1000.0,Buy
1546992000,148.89,153.6,147.98,149.29,84346.72409977,2019-01-09,1.0027538957549704,15.442313640581506,1.0,True,1000.0,Buy
1547078400,149.29,150.93,122.0,126.4,222926.47988031,2019-01-10,0.8466742581552683,-9.32568149210904,1.0,True,1000.0,Buy
1547164800,126.4,128.98,120.71,125.92,108248.44310999,2019-01-11,0.9962025316455696,-2.478314745972743,1.0,True,1000.0,Buy
1547251200,125.92,127.99,122.61,124.45,73585.09345048,2019-01-12,0.9883259212198221,-4.518950437317781,0.0,False,0.0,Sell
1547337600,124.45,125.34,113.5,115.32,117108.13640973,2019-01-13,0.9266372036962635,0.7953850187920608,1.0,True,1000.0,Buy
1547424000,115.32,131.7,115.28,128.31,165187.89537718,2019-01-14,1.1126430801248701,-6.465957136608836,1.0,True,1000.0,Buy
1547510400,128.31,130.44,116.72,120.0,176946.87746771,2019-01-15,0.9352349777881692,-10.414333706606937,1.0,True,1000.0,Buy
1547596800,119.92,128.88,119.01,122.14,144739.75832896,2019-01-16,1.0178333333333334,-11.952133794694342,0.0,False,0.0,Sell
1547683200,122.18,123.96,117.41,122.45,141686.87101739,2019-01-17,1.00253807106599,-6.42671557389577,0.0,False,0.0,Sell
1547769600,122.32,122.71,117.74,119.78,70711.44950867,2019-01-18,0.9781951817068191,-14.38782074190551,0.0,False,0.0,Sell
1547856000,119.78,126.49,119.37,123.3,80516.52775196,2019-01-19,1.0293872098847887,-19.67949970685948,0.0,False,0.0,Sell
1547942400,123.25,123.97,112.77,117.34,104015.40717394,2019-01-20,0.9516626115166261,-20.16600898081371,0.0,False,0.0,Sell
1548028800,117.41,118.13,113.51,115.81,75977.66524921,2019-01-21,0.986960968126811,-24.543914516549382,0.0,False,0.0,Sell
1548115200,115.81,119.71,110.92,117.91,106841.83605269,2019-01-22,1.0181331491235643,-23.400246865458328,0.0,False,0.0,Sell
1548201600,117.91,118.89,115.0,116.59,64143.66275181,2019-01-23,0.98880502077856,-25.18128730026311,0.0,False,0.0,Sell
1548288000,116.59,117.33,113.68,116.39,69409.16241394,2019-01-24,0.9982845870143237,-22.674727610948718,0.0,False,0.0,Sell
1548374400,116.39,117.01,114.12,115.06,87654.03544009,2019-01-25,0.9885729014520148,-22.716281569048892,0.0,False,0.0,Sell
1548460800,115.06,117.5,114.8,114.94,38155.50150326,2019-01-26,0.998957065878672,-23.00890883515305,0.0,False,0.0,Sell
1548547200,114.94,115.62,110.21,111.34,95918.20821868,2019-01-27,0.9686793109448408,-11.914556962025314,0.0,False,0.0,Sell
1548633600,111.46,112.2,101.0,105.43,206198.63643581,2019-01-28,0.9469193461469373,-16.272236340533663,0.0,False,0.0,Sell
1548720000,105.54,106.0,102.0,103.83,129960.20294187,2019-01-29,0.9848240538746087,-16.568903173965456,0.0,False,0.0,Sell
1548806400,103.79,109.89,102.91,107.5,166051.9695722,2019-01-30,1.0353462390445922,-6.781130766562605,0.0,False,0.0,Sell
1548892800,107.5,110.74,104.2,105.69,117027.76729293,2019-01-31,0.9831627906976744,-17.629179331307,0.0,False,0.0,Sell
1548979200,105.74,107.78,102.87,105.84,141748.6190513,2019-02-01,1.0014192449616803,-11.799999999999999,0.0,False,0.0,Sell
1549065600,105.84,110.2,105.03,109.41,73133.84276199,2019-02-02,1.0337301587301586,-10.422466022597021,0.0,False,0.0,Sell
1549152000,109.41,110.33,104.41,106.0,105364.97559631,2019-02-03,0.9688328306370533,-13.434054716210698,0.0,False,0.0,Sell
1549238400,106.0,108.12,105.35,106.03,84219.82259503,2019-02-04,1.0002830188679246,-11.479378861245614,0.0,False,0.0,Sell
1549324800,106.03,106.5,104.82,106.14,64128.25205553,2019-02-05,1.0010374422333301,-13.917274939172753,0.0,False,0.0,Sell
1549411200,106.14,106.71,100.03,103.26,154726.97406332,2019-02-06,0.9728660260033918,-11.999318220555644,0.0,False,0.0,Sell
1549497600,103.26,104.75,102.68,103.32,67881.26926061,2019-02-07,1.0005810575246947,-10.78490631206287,0.0,False,0.0,Sell
1549584000,103.32,122.36,102.37,118.07,248364.65937179,2019-02-08,1.1427603561749904,0.13569671783564274,0.0,False,0.0,Sell
1549670400,118.07,119.95,116.6,117.98,61443.8265066,2019-02-09,0.999237740323537,1.1922120250450252,0.0,False,0.0,Sell
1549756800,117.98,125.1,114.21,123.98,126414.92346951,2019-02-10,1.0508560773012374,6.521178795429172,1.0,True,1000.0,Buy
1549843200,124.0,124.22,118.09,119.52,107857.19634832,2019-02-11,0.9640264558799806,3.876238484269079,1.0,True,1000.0,Buy
1549929600,119.56,122.73,117.0,121.08,115851.78008197,2019-02-12,1.0130522088353413,5.341917522185491,1.0,True,1000.0,Buy
1550016000,121.08,125.44,119.55,120.58,78737.89877376,2019-02-13,0.9958704988437397,8.298904257230099,1.0,True,1000.0,Buy
1550102400,120.58,123.11,115.0,119.37,107534.24725328,2019-02-14,0.9899651683529608,13.222043061747124,1.0,True,1000.0,Buy
1550188800,119.37,123.14,119.03,120.48,71906.67048458,2019-02-15,1.009298818798693,16.03582779543484,1.0,True,1000.0,Buy
1550275200,120.48,123.78,120.41,121.54,43958.83862865,2019-02-16,1.0087981407702524,13.060465116279074,1.0,True,1000.0,Buy
1550361600,121.54,134.4,121.5,132.32,177874.79984989,2019-02-17,1.0886950798091162,25.196328886365784,1.0,True,1000.0,Buy
1550448000,132.32,148.59,131.01,144.71,321892.58536308,2019-02-18,1.0936366384522371,36.7252456538171,1.0,True,1000.0,Buy
1550534400,144.7,149.62,142.44,142.85,163266.61048361,2019-02-19,0.9871467072075184,30.563933826889688,1.0,True,1000.0,Buy
1550620800,142.73,148.7,139.51,147.29,136316.05817721,2019-02-20,1.0310815540777039,38.95283018867923,1.0,True,1000.0,Buy
1550707200,147.33,148.98,141.68,144.17,90960.06790577,2019-02-21,0.9788172992056486,35.97095161746675,1.0,True,1000.0,Buy
1550793600,144.17,147.48,142.22,146.57,101538.6045814,2019-02-22,1.0166470139418742,38.091200301488605,1.0,True,1000.0,Buy
1550880000,146.57,159.4,144.67,157.5,159725.63754909,2019-02-23,1.0745718769188783,52.527600232423,1.0,True,1000.0,Buy
1550966400,157.5,166.62,131.18,131.75,348688.92720062,2019-02-24,0.8365079365079365,27.51645373596594,1.0,True,1000.0,Buy
1551052800,131.74,141.04,131.01,137.54,204214.22051614,2019-02-25,1.0439468690702087,16.490217667485396,1.0,True,1000.0,Buy
1551139200,137.57,138.04,133.11,135.71,67260.84905031,2019-02-26,0.9866947797004509,15.027970842515682,1.0,True,1000.0,Buy
1551225600,135.71,139.95,126.5,134.11,142265.54399629,2019-02-27,0.9882101540048633,8.170672689143421,1.0,True,1000.0,Buy
1551312000,134.11,139.7,131.45,134.52,143472.49199399,2019-02-28,1.0030571918574305,12.550200803212874,1.0,True,1000.0,Buy
1551398400,134.59,137.73,133.63,134.79,59313.0761503,2019-03-01,1.002007136485281,11.32309217046581,1.0,True,1000.0,Buy
1551484800,134.79,135.42,129.13,132.23,71511.99374323,2019-03-02,0.981007493137473,9.661635428760974,1.0,True,1000.0,Buy
1551571200,132.33,134.77,127.0,129.81,64695.91822682,2019-03-03,0.9816985555471528,8.745916059311387,1.0,True,1000.0,Buy
1551657600,129.81,130.38,122.55,125.18,137317.86462054,2019-03-04,0.9643324859409907,3.9010624169986796,1.0,True,1000.0,Buy
1551744000,125.18,137.64,124.75,136.49,164602.51338026,2019-03-05,1.0903498961495446,12.300477209149264,1.0,True,1000.0,Buy
1551830400,136.49,140.61,132.49,136.92,134005.34064739,2019-03-06,1.0031504139497398,3.476420798065294,1.0,True,1000.0,Buy
1551916800,136.92,139.86,133.63,136.19,89329.30803067,2019-03-07,0.9946684195150454,-5.8876373436528295,1.0,True,1000.0,Buy
1552003200,136.11,138.79,129.39,132.74,95697.29871557,2019-03-08,0.9746677435935092,-7.07735386769337,1.0,True,1000.0,Buy
1552089600,132.74,138.27,131.86,136.41,61655.10130222,2019-03-09,1.0276480337501883,-7.386787969312236,0.0,False,0.0,Sell
1552176000,136.41,136.83,133.3,134.67,43162.78454063,2019-03-10,0.9872443369254453,-6.589443018658525,0.0,False,0.0,Sell
1552262400,134.67,135.59,130.45,131.8,74803.41800843,2019-03-11,0.9786886463206358,-10.0770962679948,0.0,False,0.0,Sell
1552348800,131.8,134.4,127.45,132.91,83755.61759786,2019-03-12,1.0084218512898329,-15.61269841269841,0.0,False,0.0,Sell
1552435200,132.91,132.91,130.18,131.26,30155.07075742,2019-03-13,0.98758558422993,-0.37191650853890534,0.0,False,0.0,Sell
1552521600,131.26,136.25,128.0,131.36,85836.00424364,2019-03-14,1.0007618467164408,-4.493238330667426,0.0,False,0.0,Sell
1552608000,131.36,136.9,131.36,135.89,78353.04719221,2019-03-15,1.0344853836784407,0.13263576744526606,1.0,True,1000.0,Buy
1552694400,135.89,143.75,135.83,140.4,122432.31831328,2019-03-16,1.0331886084332917,4.690179703228692,1.0,True,1000.0,Buy
1552780800,140.4,140.4,136.27,138.02,55049.44778048,2019-03-17,0.983048433048433,2.601843592030928,1.0,True,1000.0,Buy
1552867200,138.06,141.36,135.03,136.85,65377.2371964,2019-03-18,0.9915229676858425,1.5283032865939683,1.0,True,1000.0,Buy
1552953600,136.85,138.66,136.15,137.96,43253.79899712,2019-03-19,1.0081110705151626,4.333358541934529,1.0,True,1000.0,Buy
1553040000,137.96,139.44,135.13,138.78,56870.51514013,2019-03-20,1.0059437518121195,6.910099376011103,1.0,True,1000.0,Buy
1553126400,138.78,139.26,131.95,134.3,64619.15165946,2019-03-21,0.9677186914541,7.285508867231183,1.0,True,1000.0,Buy
1553212800,134.3,136.9,133.94,135.73,31634.18697716,2019-03-22,1.0106478034251674,-0.5568173492563666,1.0,True,1000.0,Buy
1553299200,135.68,137.63,135.23,136.67,66651.19078204,2019-03-23,1.0069255138878657,-0.18258837277241868,1.0,True,1000.0,Buy
1553385600,136.67,136.71,134.13,135.25,31685.63566217,2019-03-24,0.9896100095119632,-0.6902122035391756,1.0,True,1000.0,Buy
1553472000,135.25,136.23,130.59,132.94,59052.10344301,2019-03-25,0.9829205175600739,0.15067048365224878,1.0,True,1000.0,Buy
1553558400,132.94,134.0,131.54,133.29,39317.07582447,2019-03-26,1.002632766661652,-2.287222344402906,1.0,True,1000.0,Buy
1553644800,133.29,139.8,133.11,139.1,64080.86407139,2019-03-27,1.0435891664791057,3.289522536570888,1.0,True,1000.0,Buy
1553731200,139.1,139.24,136.75,137.35,30745.80317738,2019-03-28,0.9874191229331416,4.210925644916519,1.0,True,1000.0,Buy
1553817600,137.35,143.0,136.84,142.75,56254.7824017,2019-03-29,1.0393156170367674,7.4035061319690065,1.0,True,1000.0,Buy
1553904000,142.75,145.49,139.63,142.08,46999.77046899,2019-03-30,0.995306479859895,8.243181471887873,1.0,True,1000.0,Buy
1553990400,142.08,142.14,140.13,141.29,16693.46379347,2019-03-31,0.9944397522522521,7.5593788063337275,1.0,True,1000.0,Buy
1554076800,141.29,143.0,138.6,141.03,60629.33726862,2019-04-01,0.9981598131502584,3.7824711163441105,1.0,True,1000.0,Buy
1554163200,141.03,167.76,140.77,164.62,272114.66090763,2019-04-02,1.1672693753102177,17.25071225071224,1.0,True,1000.0,Buy
1554249600,164.62,180.0,153.42,161.3,360948.26690134,2019-04-03,0.9798323411493136,16.86712070714389,1.0,True,1000.0,Buy
1554336000,161.3,165.2,153.53,157.62,142399.6304617,2019-04-04,0.9771853688778673,15.17720131530873,1.0,True,1000.0,Buy
1554422400,157.64,168.5,156.21,165.87,98399.03327633,2019-04-05,1.052341073467834,20.230501594665107,1.0,True,1000.0,Buy
1554508800,165.79,173.18,156.0,165.2,98033.48646052,2019-04-06,0.9959606921082774,19.03732526300619,1.0,True,1000.0,Buy
1554595200,165.2,176.86,163.88,174.71,91118.1938279,2019-04-07,1.0575665859564165,30.089352196574826,1.0,True,1000.0,Buy
1554681600,174.71,187.81,173.68,180.64,175919.16097904,2019-04-08,1.033941960963883,33.08774773447285,1.0,True,1000.0,Buy
1554768000,180.64,180.81,174.3,175.9,61333.71460144,2019-04-09,0.9737599645704164,28.704177946879362,1.0,True,1000.0,Buy
1554854400,175.9,185.0,170.1,177.54,135559.64120603,2019-04-10,1.0093234792495736,31.268022181146016,1.0,True,1000.0,Buy
1554940800,177.54,177.84,160.53,164.89,121942.95559167,2019-04-11,0.9287484510532837,24.03339852565065,1.0,True,1000.0,Buy
1555027200,164.93,167.83,160.01,164.18,73849.17753258,2019-04-12,0.9956940990963674,23.175031885362763,1.0,True,1000.0,Buy
1555113600,164.18,166.19,162.18,163.7,30609.84726477,2019-04-13,0.997076379583384,17.68511861969806,1.0,True,1000.0,Buy
1555200000,163.7,169.05,161.05,167.98,43641.72494333,2019-04-14,1.0261453879047038,22.300691663633042,1.0,True,1000.0,Buy
1555286400,167.99,169.52,155.0,160.19,96817.04935253,2019-04-15,0.9536254315989999,12.217162872154109,1.0,True,1000.0,Buy
1555372800,160.01,168.11,159.48,166.37,62532.53536975,2019-04-16,1.038579187215182,17.09600225225225,1.0,True,1000.0,Buy
1555459200,166.33,168.4,164.17,166.57,39492.69048708,2019-04-17,1.0012021398088597,17.89227829287281,1.0,True,1000.0,Buy
1555545600,166.57,176.38,166.06,174.04,86003.21590638,2019-04-18,1.044846010686198,23.406367439551868,1.0,True,1000.0,Buy
1555632000,174.04,174.68,169.28,173.52,51533.41401471,2019-04-19,0.9970121811077914,5.406390475033418,1.0,True,1000.0,Buy
1555718400,173.52,178.0,170.43,173.75,46502.94528464,2019-04-20,1.0013254956201014,7.71853688778672,1.0,True,1000.0,Buy
1555804800,173.75,174.29,166.2,169.9,50181.68009082,2019-04-21,0.977841726618705,7.7908894810303275,1.0,True,1000.0,Buy
1555891200,169.84,174.05,168.05,171.56,51946.25451625,2019-04-22,1.0097704532077691,3.430397299089649,1.0,True,1000.0,Buy
1555977600,171.56,176.94,168.84,170.37,66692.75813264,2019-04-23,0.9930636512007461,3.1295399515738564,1.0,True,1000.0,Buy
1556064000,170.31,171.01,160.22,165.6,99322.97296067,2019-04-24,0.9720021130480718,-5.214355217217115,1.0,True,1000.0,Buy
1556150400,165.6,166.71,146.5,152.1,126283.28140895,2019-04-25,0.9184782608695652,-15.799379982285199,1.0,True,1000.0,Buy
1556236800,152.09,156.0,148.18,153.07,83216.78027293,2019-04-26,1.0063773833004601,-12.978965321205237,0.0,False,0.0,Sell
1556323200,153.07,158.27,152.33,155.73,39422.70208994,2019-04-27,1.0173776703469002,-12.284555593105784,0.0,False,0.0,Sell
1556409600,155.73,156.49,152.38,153.2,35477.04190128,2019-04-28,0.9837539330893212,-7.089574868093884,0.0,False,0.0,Sell
1556496000,153.25,157.33,149.0,152.29,83029.76398999,2019-04-29,0.9940600522193211,-7.242051406992333,0.0,False,0.0,Sell
1556582400,152.3,161.0,152.29,160.36,71281.4011982,2019-04-30,1.052991004005516,-2.0403176542455603,0.0,False,0.0,Sell
1556668800,160.31,163.08,156.75,158.36,57416.74008544,2019-05-01,0.9875280618608132,-5.726872246696024,0.0,False,0.0,Sell
1556755200,158.36,160.51,154.6,158.81,48310.09412123,2019-05-02,1.0028416266734024,-0.8614769960671675,1.0,True,1000.0,Buy
1556841600,158.81,169.0,157.93,164.8,99011.9756974,2019-05-03,1.0377180278320006,-0.9436797499549177,0.0,False,0.0,Sell
1556928000,164.8,168.87,158.05,161.95,87417.92167235,2019-05-04,0.9827063106796116,-2.7736086930419623,1.0,True,1000.0,Buy
1557014400,161.95,163.52,157.12,161.34,35731.85908758,2019-05-05,0.9962334053720285,-7.29717306366352,1.0,True,1000.0,Buy
1557100800,161.34,175.95,157.0,171.2,125001.99247965,2019-05-06,1.0611131771414404,-1.337021668971894,1.0,True,1000.0,Buy
1557187200,171.2,180.75,165.6,166.23,157215.39030951,2019-05-07,0.9709696261682244,-4.328057553956843,0.0,False,0.0,Sell
1557273600,166.23,171.94,163.5,169.21,101886.01199008,2019-05-08,1.0179269686578838,-0.4061212477928233,1.0,True,1000.0,Buy
1557360000,169.21,173.35,165.3,170.0,81719.34454421,2019-05-09,1.0046687548017257,-0.9093028678013537,1.0,True,1000.0,Buy
1557446400,170.0,176.5,167.61,171.87,126993.83854669,2019-05-10,1.0110000000000001,0.8804366966015165,1.0,True,1000.0,Buy
1557532800,171.93,206.87,171.89,192.3,336302.07975533,2019-05-11,1.1188689125501834,16.123188405797116,1.0,True,1000.0,Buy
1557619200,192.3,203.98,182.16,187.94,244001.48050871,2019-05-12,0.9773270930837232,23.563445101906645,1.0,True,1000.0,Buy
1557705600,187.95,209.05,185.5,196.0,222912.94406748,2019-05-13,1.042886027455571,28.045992029790302,1.0,True,1000.0,Buy
1557792000,195.99,221.0,194.98,217.0,305744.75940994,2019-05-14,1.1071428571428572,39.34373595325242,1.0,True,1000.0,Buy
1557878400,217.3,250.0,217.21,249.13,300490.86442664,2019-05-15,1.1480645161290322,62.617493472584876,1.0,True,1000.0,Buy
1557964800,249.07,280.0,241.01,264.7,461977.54012647,2019-05-16,1.0624974912696183,73.81311970582442,1.0,True,1000.0,Buy
1558051200,264.7,270.25,222.78,244.35,378988.51225917,2019-05-17,0.9231205137891954,52.37590421551508,1.0,True,1000.0,Buy
1558137600,244.34,248.7,230.79,234.01,114904.5394652,2019-05-18,0.9576836505013301,47.77090174286434,1.0,True,1000.0,Buy
1558224000,234.01,264.96,232.01,261.28,183148.62317334,2019-05-19,1.1165334814751506,64.52364460676279,1.0,True,1000.0,Buy
1558310400,261.18,261.18,239.0,252.2,163917.64650686,2019-05-20,0.965248009797918,53.033980582524265,1.0,True,1000.0,Buy
1558396800,252.2,264.45,247.81,255.0,129144.55963433,2019-05-21,1.0111022997620935,57.45600493979624,1.0,True,1000.0,Buy
1558483200,255.0,261.74,240.0,243.2,119670.32576533,2019-05-22,0.9537254901960784,50.737572827569096,1.0,True,1000.0,Buy
1558569600,243.2,248.69,231.23,245.67,101386.79621669,2019-05-23,1.01015625,43.49883177570093,1.0,True,1000.0,Buy
1558656000,245.67,256.29,242.42,249.6,72033.65360935,2019-05-24,1.0159970692392233,50.1534019130121,1.0,True,1000.0,Buy
1558742400,249.6,258.92,248.34,252.05,53631.1010954,2019-05-25,1.0098157051282053,48.95691743986761,1.0,True,1000.0,Buy
1558828800,252.05,271.0,245.85,268.35,109204.93026497,2019-05-26,1.0646697083911922,57.852941176470594,1.0,True,1000.0,Buy
1558915200,268.35,279.5,264.09,271.37,99460.91292941,2019-05-27,1.0112539593814047,57.89259323907605,1.0,True,1000.0,Buy
1559001600,271.37,276.7,264.29,271.27,62449.33411842,2019-05-28,0.999631499428824,41.06604264170566,1.0,True,1000.0,Buy
1559088000,271.18,274.28,257.39,269.5,69691.62943148,2019-05-29,0.9934751354738822,43.396828775140996,1.0,True,1000.0,Buy
1559174400,269.5,288.9,239.15,254.49,206164.77574557,2019-05-30,0.94430426716141,29.84183673469387,1.0,True,1000.0,Buy
1559260800,254.5,268.69,243.13,267.56,117918.17530923,2019-05-31,1.0513576171951746,23.29953917050691,1.0,True,1000.0,Buy
1559347200,267.56,275.0,260.01,264.86,68187.22076433,2019-06-01,0.9899088055015698,6.313972624734077,1.0,True,1000.0,Buy
1559433600,264.52,273.84,263.72,269.27,44871.608868,2019-06-02,1.0166503058219436,1.7264828107291352,1.0,True,1000.0,Buy
1559520000,269.27,270.1,246.1,249.83,84548.68322483,2019-06-03,0.927804805585472,2.242684673623918,1.0,True,1000.0,Buy
1559606400,249.6,251.49,233.44,241.13,169739.58292346,2019-06-04,0.9651763198975303,3.0426050168796293,1.0,True,1000.0,Buy
1559692800,241.13,249.33,237.35,245.88,81909.38193838,2019-06-05,1.0196989175963174,-5.894060012247393,1.0,True,1000.0,Buy
1559779200,245.88,251.62,235.22,249.29,70919.05633252,2019-06-06,1.0138685537660648,-1.1538461538461497,1.0,True,1000.0,Buy
1559865600,249.29,255.0,244.51,249.5,68940.90672059,2019-06-07,1.0008423923944,-2.1568627450980427,0.0,False,0.0,Sell
1559952000,249.5,250.76,241.7,244.48,47569.38930528,2019-06-08,0.979879759519038,0.5263157894736858,1.0,True,1000.0,Buy
1560038400,244.04,245.0,226.56,231.25,72711.74835425,2019-06-09,0.9458851439790577,-5.869662555460575,1.0,True,1000.0,Buy
1560124800,231.21,248.24,227.39,247.82,68420.17291419,2019-06-10,1.071654054054054,-0.7131410256410287,1.0,True,1000.0,Buy
1560211200,247.82,249.0,237.55,245.17,64923.01392773,2019-06-11,0.989306754902752,-2.729617139456464,0.0,False,0.0,Sell
1560297600,245.17,263.68,243.21,262.5,94850.45860844,2019-06-12,1.0706856466941306,-2.1799888205701556,1.0,True,1000.0,Buy
1560384000,262.5,264.42,254.27,255.15,60994.71800062,2019-06-13,0.972,-5.977079264472862,1.0,True,1000.0,Buy
1560470400,255.15,266.18,252.0,263.83,84898.50860113,2019-06-14,1.0340192043895746,-2.742654919452947,1.0,True,1000.0,Buy
1560556800,263.89,274.0,261.76,269.44,53048.47873276,2019-06-15,1.0212636925292802,-0.022263450834880683,0.0,False,0.0,Sell
1560643200,269.44,278.8,263.11,268.58,82530.4295591,2019-06-16,0.9968081947743468,5.536563322723875,1.0,True,1000.0,Buy
1560729600,268.58,275.74,267.2,273.74,56009.83061702,2019-06-17,1.019212152803634,2.3097622963073716,1.0,True,1000.0,Buy
1560816000,273.74,274.14,260.97,264.65,61215.95697208,2019-06-18,0.9667933075180828,-0.07928717058069967,1.0,True,1000.0,Buy
1560902400,264.65,270.0,263.6,268.91,37351.97908036,2019-06-19,1.0160967315322125,-0.1336948044713293,1.0,True,1000.0,Buy
1560988800,268.91,274.2,266.51,271.99,40447.36674349,2019-06-20,1.0114536462013313,8.870031621502616,1.0,True,1000.0,Buy
1561075200,271.99,296.59,271.97,296.08,114610.11176776,2019-06-21,1.0885694326997315,22.78853730352921,1.0,True,1000.0,Buy
1561161600,296.01,314.56,293.52,308.54,115594.64688938,2019-06-22,1.0420832207511486,25.483975923214587,1.0,True,1000.0,Buy
1561248000,308.54,318.2,301.0,305.99,72598.97416601,2019-06-23,0.9917352693329876,22.744594648802607,1.0,True,1000.0,Buy
1561334400,305.99,313.09,295.0,310.44,62791.04166696,2019-06-24,1.0145429589202262,24.4248496993988,1.0,True,1000.0,Buy
1561420800,310.44,317.8,305.48,316.88,72249.05269192,2019-06-25,1.0207447493879656,29.61387434554974,1.0,True,1000.0,Buy
1561507200,316.84,363.29,314.45,334.51,220326.89720963,2019-06-26,1.0556362029790456,44.65297297297297,1.0,True,1000.0,Buy
1561593600,334.51,343.25,274.34,293.68,232323.91924328,2019-06-27,0.8779408687333713,18.505366798482783,1.0,True,1000.0,Buy
1561680000,293.68,312.74,289.88,309.79,84481.84049854,2019-06-28,1.0548556251702534,26.357221519761808,1.0,True,1000.0,Buy
1561766400,309.79,323.96,291.0,317.0,104768.08909221,2019-06-29,1.0232738306594789,20.76190476190476,1.0,True,1000.0,Buy
1561852800,317.0,323.23,286.0,289.5,83663.53992884,2019-06-30,0.9132492113564669,13.46266901822457,1.0,True,1000.0,Buy
1561939200,289.88,301.76,278.85,293.51,98949.05876526,2019-07-01,1.0138514680483592,11.249668347041663,1.0,True,1000.0,Buy
1562025600,293.51,295.99,271.6,291.24,97451.88070732,2019-07-02,0.9922660216006269,8.090855106888363,1.0,True,1000.0,Buy
1562112000,291.24,303.41,288.99,302.1,46705.84950991,2019-07-03,1.0372888339513804,12.480452751507954,1.0,True,1000.0,Buy
1562198400,302.1,303.79,280.0,282.57,37813.15865049,2019-07-04,0.9353525322740813,3.2256886096295734,1.0,True,1000.0,Buy
1562284800,282.57,294.99,280.21,287.6,42934.08799677,2019-07-05,1.01780089889231,8.67183071981865,1.0,True,1000.0,Buy
1562371200,287.6,297.88,285.48,287.65,22334.0251091,2019-07-06,1.000173852573018,6.968874344576226,1.0,True,1000.0,Buy
1562457600,287.65,310.97,284.12,306.47,34024.17504013,2019-07-07,1.0654267338779768,12.676936652082805,1.0,True,1000.0,Buy
1562544000,306.47,315.0,302.51,313.67,49442.11417976,2019-07-08,1.0234933272424707,5.940961902188602,1.0,True,1000.0,Buy
1562630400,313.67,318.61,302.39,307.95,47151.97465455,2019-07-09,0.981764274556062,-0.19122318013873318,1.0,True,1000.0,Buy
1562716800,307.95,314.73,281.63,288.46,93565.14596893,2019-07-10,0.9367105049521026,-5.7289453903722425,1.0,True,1000.0,Buy
1562803200,288.46,288.46,262.09,268.49,92185.35389616,2019-07-11,0.9307702974415865,-13.513078211570672,1.0,True,1000.0,Buy
1562889600,268.49,279.02,266.33,275.48,37657.42976303,2019-07-12,1.0260344891802302,-13.064882605402673,0.0,False,0.0,Sell
1562976000,275.48,275.83,260.4,269.18,48510.32112912,2019-07-13,0.977130826194279,-19.530058892110848,0.0,False,0.0,Sell
1563062400,269.35,269.99,229.18,235.13,100363.78499746,2019-07-14,0.8735047180325433,-19.936665758648875,0.0,False,0.0,Sell
1563148800,235.13,236.16,212.5,228.13,121273.22036103,2019-07-15,0.9702292348913367,-26.359792117240723,0.0,False,0.0,Sell
1563235200,228.13,234.57,190.41,198.67,183052.12225806,2019-07-16,0.8708631043703151,-37.328075709779185,0.0,False,0.0,Sell
1563321600,198.67,219.8,192.58,211.5,132062.07066074,2019-07-17,1.0645794533648765,-26.943005181347147,0.0,False,0.0,Sell
1563408000,211.5,230.15,206.4,226.3,118139.62254895,2019-07-18,1.0699763593380616,-22.898708732240802,0.0,False,0.0,Sell
1563494400,226.49,226.97,213.12,221.45,58877.65825673,2019-07-19,0.9785682722050375,-23.96305452547728,0.0,False,0.0,Sell
1563580800,221.45,236.31,220.5,228.6,50817.43984324,2019-07-20,1.0322871980130954,-24.329692154915595,0.0,False,0.0,Sell
1563667200,228.6,230.0,217.62,225.47,44777.84004146,2019-07-21,0.9863079615048119,-20.20738224156846,0.0,False,0.0,Sell
1563753600,225.47,228.19,211.56,217.27,43258.78221138,2019-07-22,0.9636315252583493,-24.45410292072323,0.0,False,0.0,Sell
1563840000,217.27,219.0,208.39,212.05,49223.78745621,2019-07-23,0.9759745938233534,-26.281939857465662,0.0,False,0.0,Sell
1563926400,212.05,218.21,200.59,216.51,68803.03426521,2019-07-24,1.0210327752888468,-29.353607204620367,0.0,False,0.0,Sell
1564012800,216.51,225.98,215.6,219.16,49123.52294984,2019-07-25,1.012239619417117,-30.130391813051936,0.0,False,0.0,Sell
1564099200,219.16,220.66,212.65,219.24,41365.64967475,2019-07-26,1.0003650301149845,-28.806624452021424,0.0,False,0.0,Sell
1564185600,219.24,224.01,201.98,207.11,59712.08992551,2019-07-27,0.9446725050173326,-28.201483741246612,0.0,False,0.0,Sell
1564272000,207.11,213.39,197.18,211.07,41805.20377518,2019-07-28,1.0191202742503982,-21.38627136951098,0.0,False,0.0,Sell
1564358400,211.07,214.8,206.03,210.69,37007.62410158,2019-07-29,0.9981996494054105,-23.51894874401046,0.0,False,0.0,Sell
1564444800,210.69,215.1,204.41,209.8,25022.05124537,2019-07-30,0.9957757843276853,-22.059588379523,0.0,False,0.0,Sell
1564531200,209.8,219.0,209.61,218.68,31889.62363462,2019-07-31,1.04232602478551,-6.996129800535867,0.0,False,0.0,Sell
1564617600,218.68,219.22,210.61,217.38,27458.92641187,2019-08-01,0.9940552405341138,-4.712225485468813,0.0,False,0.0,Sell
1564704000,217.38,223.01,215.0,217.8,31343.85487035,2019-08-02,1.0019321004692245,9.62903306991494,0.0,False,0.0,Sell
1564790400,217.8,224.6,216.49,221.82,25640.33032109,2019-08-03,1.018457300275482,4.879432624113478,1.0,True,1000.0,Buy
1564876800,221.82,223.71,216.65,222.9,15783.16929449,2019-08-04,1.0048688125507168,-1.50243040212108,1.0,True,1000.0,Buy
1564963200,222.9,237.0,222.88,233.0,41602.98846653,2019-08-05,1.0453117990130103,5.215624294423127,1.0,True,1000.0,Buy
1565049600,233.0,239.63,222.0,226.1,51369.25366907,2019-08-06,0.9703862660944206,-1.0936132983377034,1.0,True,1000.0,Buy
1565136000,226.0,231.17,220.0,225.97,32344.66471383,2019-08-07,0.9994250331711633,0.2217589923271479,1.0,True,1000.0,Buy
1565222400,225.97,226.63,214.69,220.85,48586.21267062,2019-08-08,0.9773421250608487,1.6477194274405083,1.0,True,1000.0,Buy
1565308800,220.85,221.24,206.36,210.3,31991.49067864,2019-08-09,0.9522300203758207,-0.8252770572978019,1.0,True,1000.0,Buy
1565395200,210.3,214.78,201.0,206.05,33481.10227439,2019-08-10,0.9797907750832144,-4.831185626529944,1.0,True,1000.0,Buy
1565481600,206.05,216.63,205.69,216.28,33095.64065816,2019-08-11,1.0496481436544527,-1.3141084139441483,1.0,True,1000.0,Buy
1565568000,216.28,216.45,209.7,211.2,17773.36898043,2019-08-12,0.9765119289809505,-3.6672140120416086,1.0,True,1000.0,Buy
1565654400,211.19,211.94,203.0,208.6,34172.08910734,2019-08-13,0.9876893939393939,0.7194244604316502,1.0,True,1000.0,Buy
1565740800,208.4,209.0,182.0,186.2,57981.17910523,2019-08-14,0.8926174496644295,-11.78282086511584,1.0,True,1000.0,Buy
1565827200,186.32,189.69,173.76,188.06,54281.30253318,2019-08-15,1.0099892588614394,-10.740898951065548,1.0,True,1000.0,Buy
1565913600,187.94,188.21,177.96,185.5,43938.95941586,2019-08-16,0.9863873231947251,-11.582459485224028,0.0,False,0.0,Sell
1566000000,185.5,186.88,182.11,185.63,16019.14858016,2019-08-17,1.0007008086253368,-15.113407719041527,0.0,False,0.0,Sell
1566086400,185.63,198.0,183.37,194.57,22484.85977312,2019-08-18,1.0481603189139685,-10.493145643573465,0.0,False,0.0,Sell
1566172800,194.57,203.79,193.15,202.27,35757.98787469,2019-08-19,1.03957444621473,-7.1303948576675875,0.0,False,0.0,Sell
1566259200,202.39,202.77,194.48,196.44,20121.20967665,2019-08-20,0.971177139467049,-11.44170949418447,0.0,False,0.0,Sell
1566345600,196.44,197.07,179.94,187.27,42328.13385594,2019-08-21,0.953319079617186,-15.984746523104532,0.0,False,0.0,Sell
1566432000,187.28,195.0,182.63,190.45,43008.42823196,2019-08-22,1.01698082981791,-18.2618025751073,0.0,False,0.0,Sell
1566518400,190.45,197.14,188.3,194.36,34977.81792621,2019-08-23,1.0205303229194016,-14.03803626713842,0.0,False,0.0,Sell
1566604800,194.35,194.53,185.51,190.96,29022.35732309,2019-08-24,0.9825066886190574,-15.493207062884451,0.0,False,0.0,Sell
1566691200,190.96,192.76,182.49,186.72,23855.81425157,2019-08-25,0.9777963971512358,-15.453928005433548,0.0,False,0.0,Sell
1566777600,186.72,194.49,185.31,188.35,40879.96059215,2019-08-26,1.008729648671808,-10.437470280551597,0.0,False,0.0,Sell
1566864000,188.35,189.0,184.56,187.07,24971.15372857,2019-08-27,0.9932041412264402,-9.211356466876985,0.0,False,0.0,Sell
1566950400,187.07,188.13,166.0,172.81,61557.25958107,2019-08-28,0.9237718501095847,-20.098945810985757,0.0,False,0.0,Sell
1567036800,172.79,173.36,163.49,168.82,46325.17741731,2019-08-29,0.9769110583878248,-20.066287878787882,0.0,False,0.0,Sell
1567123200,168.82,170.36,165.52,168.25,30788.314903,2019-08-30,0.9966236227935079,-19.343240651965477,0.0,False,0.0,Sell
1567209600,168.25,174.9,165.93,171.92,21579.14599148,2019-08-31,1.021812778603269,-7.6691729323308255,0.0,False,0.0,Sell
1567296000,171.92,173.59,167.67,171.38,23359.91167591,2019-09-01,0.9968590041879944,-8.869509730936942,0.0,False,0.0,Sell
1567382400,171.38,181.69,170.62,178.84,31304.33520074,2019-09-02,1.0435289998833004,-3.5902964959568684,0.0,False,0.0,Sell
1567468800,178.84,183.17,174.95,179.12,41412.4665788,2019-09-03,1.0015656452695147,-3.5069762430641527,0.0,False,0.0,Sell
1567555200,179.12,180.64,173.69,175.02,38636.15769494,2019-09-04,0.9771103171058508,-10.047797707765838,1.0,True,1000.0,Buy
1567641600,175.02,175.8,170.22,174.0,30749.40665916,2019-09-05,0.9941720946177579,-13.976368220695113,1.0,True,1000.0,Buy
1567728000,174.0,178.4,165.2,169.15,44489.25676315,2019-09-06,0.9721264367816093,-13.892282630828745,0.0,False,0.0,Sell
1567814400,169.15,181.01,168.41,178.25,31337.57863175,2019-09-07,1.0537984037836239,-4.816574998665035,0.0,False,0.0,Sell
1567900800,178.25,184.56,176.52,181.61,43873.63524314,2019-09-08,1.0188499298737728,-4.641638225255962,0.0,False,0.0,Sell
1567987200,181.53,186.59,175.87,180.89,46298.96355836,2019-09-09,0.9960354606023896,-6.930438361802849,1.0,True,1000.0,Buy
1568073600,180.88,184.58,176.6,180.06,26622.29984622,2019-09-10,0.99541157609597,-5.7080016757436125,1.0,True,1000.0,Buy
1568160000,180.06,182.38,174.33,178.47,34976.83721058,2019-09-11,0.9911696101299566,-4.418380462724936,0.0,False,0.0,Sell
1568246400,178.47,182.7,176.51,180.99,17798.59618308,2019-09-12,1.0141200201714575,-3.9076187947969077,0.0,False,0.0,Sell
1568332800,180.99,181.87,177.62,181.25,17548.0802472,2019-09-13,1.0014365434554395,-3.1111348693002583,1.0,True,1000.0,Buy
1568419200,181.32,189.33,180.21,188.68,36713.71045084,2019-09-14,1.040993103448276,9.183496325444128,1.0,True,1000.0,Buy
1568505600,188.68,190.99,186.6,189.45,25014.6273498,2019-09-15,1.0040809836760651,12.220116099988143,1.0,True,1000.0,Buy
1568592000,189.45,199.83,188.58,197.72,69605.58781146,2019-09-16,1.0436526788070732,17.51560178306093,1.0,True,1000.0,Buy
1568678400,197.72,215.39,196.1,207.88,84214.7517745,2019-09-17,1.0513857980983208,20.916705444392747,1.0,True,1000.0,Buy
1568764800,207.88,218.53,207.87,210.23,68908.13711289,2019-09-18,1.011304598807004,22.668922861477412,1.0,True,1000.0,Buy
1568851200,210.23,224.8,202.1,220.79,108353.0587763,2019-09-19,1.0502306997098416,23.456721091478407,1.0,True,1000.0,Buy
1568937600,220.79,221.93,212.2,218.1,47500.54749633,2019-09-20,0.9878164771955251,21.76194729790084,1.0,True,1000.0,Buy
1569024000,218.1,221.62,213.3,214.94,39251.0109511,2019-09-21,0.9855112333791839,22.808821848931537,1.0,True,1000.0,Buy
1569110400,214.94,215.41,206.13,211.07,38572.12951572,2019-09-22,0.9819949753419559,21.30459770114943,1.0,True,1000.0,Buy
1569196800,211.07,211.54,198.2,200.77,58549.55084708,2019-09-23,0.9512010233571802,18.693467336683423,1.0,True,1000.0,Buy
1569283200,200.77,202.8,152.4,166.28,178447.23292173,2019-09-24,0.8282113861632714,-6.715287517531554,1.0,True,1000.0,Buy
1569369600,166.28,174.94,162.28,169.92,84293.18880421,2019-09-25,1.0218907866249698,-6.436870216397795,1.0,True,1000.0,Buy
1569456000,169.92,170.9,151.86,165.88,91701.7632089,2019-09-26,0.9762241054613936,-8.29786057825197,0.0,False,0.0,Sell
1569542400,165.88,177.1,161.06,174.46,58538.25756292,2019-09-27,1.0517241379310345,-3.110074419637898,0.0,False,0.0,Sell
1569628800,174.46,175.98,168.02,173.96,34957.69972377,2019-09-28,0.9971340135274561,-2.5270353560822523,0.0,False,0.0,Sell
1569715200,173.96,174.62,164.47,169.36,35456.53333073,2019-09-29,0.9735571395723155,-6.425769379523727,1.0,True,1000.0,Buy
1569801600,169.36,181.62,165.22,181.53,77159.29177202,2019-09-30,1.071858762399622,0.15448275862068872,1.0,True,1000.0,Buy
1569888000,181.53,185.79,173.09,176.49,70937.1877057,2019-10-01,0.9722359940505702,-6.4606741573033695,0.0,False,0.0,Sell
1569974400,176.49,181.57,174.1,180.88,33737.67359368,2019-10-02,1.0248739305343078,-4.5236210081815775,1.0,True,1000.0,Buy
1570060800,180.88,181.16,170.0,174.79,51122.38977513,2019-10-03,0.9663312693498451,-11.59720817317419,0.0,False,0.0,Sell
1570147200,174.79,179.35,171.15,175.82,31324.57582783,2019-10-04,1.0058927856284685,-15.422359053299983,1.0,True,1000.0,Buy
1570233600,175.82,177.19,171.58,176.58,24757.49540517,2019-10-05,1.0043226026618133,-16.006278837463718,0.0,False,0.0,Sell
1570320000,176.58,177.17,167.75,170.33,45993.53602976,2019-10-06,0.9646052780609355,-22.854295937315992,0.0,False,0.0,Sell
1570406400,170.33,182.93,168.64,180.42,51041.74481835,2019-10-07,1.0592379498620323,-17.276478679504812,0.0,False,0.0,Sell
1570492800,180.42,185.34,177.54,181.0,37012.03259154,2019-10-08,1.0032147212060747,-15.7904531497162,0.0,False,0.0,Sell
1570579200,181.0,196.2,179.3,193.5,63099.14240391,2019-10-09,1.069060773480663,-8.324252617615002,0.0,False,0.0,Sell
1570665600,193.5,194.81,187.95,191.56,33178.85497874,2019-10-10,0.9899741602067184,-4.587338745828562,0.0,False,0.0,Sell
1570752000,191.56,197.45,179.61,180.83,61460.74237349,2019-10-11,0.9439862184172062,8.750300697618485,0.0,False,0.0,Sell
1570838400,180.83,184.71,177.68,179.93,27896.43758142,2019-10-12,0.9950229497317923,5.891007532956705,1.0,True,1000.0,Buy
1570924800,179.93,184.98,178.79,181.09,19620.60549322,2019-10-13,1.0064469515922858,9.169278996865216,1.0,True,1000.0,Buy
1571011200,181.09,187.71,180.54,186.78,34595.66836959,2019-10-14,1.0314208404660665,7.061790668348045,1.0,True,1000.0,Buy
1571097600,186.78,188.66,177.0,180.52,50487.60792499,2019-10-15,0.9664846343291573,3.7709818349045854,1.0,True,1000.0,Buy
1571184000,180.52,181.19,171.62,174.39,39841.3827988,2019-10-16,0.9660425437624639,2.9700047236655536,1.0,True,1000.0,Buy
1571270400,174.39,179.21,172.77,177.42,32992.1105927,2019-10-17,1.0173748494753139,-2.2640885803999367,1.0,True,1000.0,Buy
1571356800,177.42,177.42,167.59,173.0,50554.049509,2019-10-18,0.975087363318679,-1.9774491472604683,1.0,True,1000.0,Buy
1571443200,173.0,175.41,169.76,171.83,22829.71483835,2019-10-19,0.9932369942196533,-5.003317116320205,1.0,True,1000.0,Buy
1571529600,171.83,176.6,169.45,175.55,24308.9333629,2019-10-20,1.02164930454519,0.43480748326565344,1.0,True,1000.0,Buy
1571616000,175.55,178.34,171.53,174.48,29947.19706426,2019-10-21,0.9939048704072913,-0.762143100898649,0.0,False,0.0,Sell
1571702400,174.48,175.4,170.52,171.29,19142.75209567,2019-10-22,0.9817171022466759,-2.995809264922422,1.0,True,1000.0,Buy
1571788800,171.28,171.41,153.0,162.37,79384.97253004,2019-10-23,0.9479245723626599,-4.673281277520114,1.0,True,1000.0,Buy
1571875200,162.44,163.89,158.4,160.87,35724.68844484,2019-10-24,0.9907618402414239,-10.83582751357942,1.0,True,1000.0,Buy
1571961600,160.87,188.17,160.58,181.83,78480.56883885,2019-10-25,1.1302915397525952,0.4585635359116047,1.0,True,1000.0,Buy
1572048000,181.83,199.0,174.01,180.22,101022.47665896,2019-10-26,0.99114557553759,-6.8630490956072325,0.0,False,0.0,Sell
1572134400,180.22,189.14,177.07,184.0,37840.88458487,2019-10-27,1.020974364665409,-3.9465441637084986,1.0,True,1000.0,Buy
1572220800,184.0,189.9,180.82,182.0,30454.55651221,2019-10-28,0.9891304347826086,0.6470165348669843,0.0,False,0.0,Sell
1572307200,182.0,193.45,181.79,191.13,44880.27427639,2019-10-29,1.0501648351648352,6.2246429166898265,1.0,True,1000.0,Buy
1572393600,191.13,192.93,179.22,183.54,46425.46162245,2019-10-30,0.9602888086642599,1.352918438345574,1.0,True,1000.0,Buy
1572480000,183.54,185.55,177.63,182.45,35605.36075043,2019-10-31,0.9940612400566634,-2.3182353571046255,1.0,True,1000.0,Buy
1572566400,182.44,184.7,177.44,183.23,20594.82709438,2019-11-01,1.0042751438750344,1.5012187015289058,1.0,True,1000.0,Buy
1572652800,183.23,186.07,182.08,183.0,14698.0498506,2019-11-02,0.9987447470392403,4.937209702391199,1.0,True,1000.0,Buy
1572739200,183.0,184.93,179.01,181.56,14747.39018267,2019-11-03,0.9921311475409836,2.3334460601961426,1.0,True,1000.0,Buy
1572825600,181.69,189.39,180.32,186.19,26422.67587462,2019-11-04,1.0255012117206432,7.624277456647399,1.0,True,1000.0,Buy
1572912000,186.19,192.54,182.62,188.7,41242.32835981,2019-11-05,1.0134808528922068,9.817843217133193,1.0,True,1000.0,Buy
1572998400,188.7,194.71,188.0,191.06,22805.14434413,2019-11-06,1.0125066242713303,8.835089718029042,1.0,True,1000.0,Buy
1573084800,191.06,192.08,184.28,186.34,24452.96471481,2019-11-07,0.9752957186224223,6.797340669417706,1.0,True,1000.0,Buy
1573171200,186.34,188.16,180.76,183.64,32140.57290797,2019-11-08,0.9855103574111838,7.209994745752812,1.0,True,1000.0,Buy
1573257600,183.64,185.78,182.71,184.85,9828.84864289,2019-11-09,1.0065889784360706,13.84492209151935,1.0,True,1000.0,Buy
1573344000,184.85,191.8,183.41,188.9,18817.73070588,2019-11-10,1.0219096564782257,17.424006962143345,1.0,True,1000.0,Buy
1573430400,188.9,189.96,183.82,184.68,16697.28308182,2019-11-11,0.9776601376389624,1.5673981191222541,1.0,True,1000.0,Buy
1573516800,184.68,187.37,182.0,186.93,27427.14427071,2019-11-12,1.0121832358674463,3.723227166796139,1.0,True,1000.0,Buy
1573603200,186.93,189.81,185.12,187.75,21037.70445675,2019-11-13,1.004386668806505,2.0380434782608647,1.0,True,1000.0,Buy
1573689600,187.75,188.39,182.42,184.5,15256.50367312,2019-11-14,0.9826897470039947,1.3736263736263687,1.0,True,1000.0,Buy
1573776000,184.5,186.6,176.95,179.86,37113.95520219,2019-11-15,0.9748509485094852,-5.896510228640183,1.0,True,1000.0,Buy
1573862400,179.86,183.16,179.17,182.16,9321.37939315,2019-11-16,1.0127877237851661,-0.7518796992481147,1.0,True,1000.0,Buy
1573948800,182.16,186.24,180.02,183.77,12925.7777663,2019-11-17,1.0088383838383839,0.7234858865442728,0.0,False,0.0,Sell
1574035200,183.77,183.84,174.38,177.9,24476.874124,2019-11-18,0.9680578984600315,-2.908912296021382,1.0,True,1000.0,Buy
1574121600,177.9,178.07,172.52,175.7,26252.74559041,2019-11-19,0.9876335019673973,-3.9890710382513683,1.0,True,1000.0,Buy
1574208000,175.7,177.32,173.27,174.26,13846.5013885,2019-11-20,0.9918042117245305,-4.020709407358458,1.0,True,1000.0,Buy
1574294400,174.26,175.5,156.04,161.01,52836.17845927,2019-11-21,0.9239641914380811,-13.52381975401472,1.0,True,1000.0,Buy
1574380800,161.01,162.82,138.0,149.79,92199.89931615,2019-11-22,0.9303148872740824,-20.62003179650238,1.0,True,1000.0,Buy
1574467200,149.79,154.25,146.5,151.97,29834.27228766,2019-11-23,1.0145537085252687,-20.459541505286293,0.0,False,0.0,Sell
1574553600,151.97,153.16,138.34,140.12,37069.8816729,2019-11-24,0.9220240837007304,-24.80412149833637,0.0,False,0.0,Sell
1574640000,140.12,151.77,132.0,146.35,94834.52949573,2019-11-25,1.0444618898087352,-20.306033543890212,0.0,False,0.0,Sell
1574726400,146.35,149.82,143.49,147.75,27060.81145273,2019-11-26,1.0095661086436625,-20.070327292399238,0.0,False,0.0,Sell
1574812800,147.75,155.96,141.1,152.85,42848.91977996,2019-11-27,1.0345177664974619,-19.084171519322403,0.0,False,0.0,Sell
1574899200,152.85,154.82,149.44,151.23,30080.74959414,2019-11-28,0.9894013738959764,-18.112410656270317,0.0,False,0.0,Sell
1574985600,151.23,157.98,150.69,154.78,28855.52446122,2019-11-29,1.023474178403756,-17.198951479163327,0.0,False,0.0,Sell
1575072000,154.78,155.34,150.01,151.74,14253.26581973,2019-11-30,0.980359219537408,-19.1797603195739,0.0,False,0.0,Sell
1575158400,151.74,152.49,146.0,150.76,23265.23511306,2019-12-01,0.9935415842889151,-18.28726287262873,0.0,False,0.0,Sell
1575244800,150.76,151.49,146.96,148.85,14691.46361251,2019-12-02,0.9873308569912443,-17.241187590348062,0.0,False,0.0,Sell
1575331200,148.85,149.95,145.08,147.37,15812.07893979,2019-12-03,0.9900571044675849,-19.098594642072896,0.0,False,0.0,Sell
1575417600,147.37,153.12,143.25,145.3,36181.31063186,2019-12-04,0.985953721924408,-20.933775915546605,0.0,False,0.0,Sell
1575504000,145.3,148.85,143.91,147.99,16567.82256513,2019-12-05,1.0185134205092912,-16.81281618887015,0.0,False,0.0,Sell
1575590400,148.1,149.8,145.94,148.9,14417.09983932,2019-12-06,1.0061490641259545,-15.253272623790547,0.0,False,0.0,Sell
1575676800,148.9,149.8,147.12,147.37,13341.90493535,2019-12-07,0.989724647414372,-15.430965224377358,0.0,False,0.0,Sell
1575763200,147.37,151.9,146.45,150.72,19204.09839367,2019-12-08,1.0227318993010788,-6.390907397056078,0.0,False,0.0,Sell
1575849600,150.72,151.35,146.42,147.29,20098.42586149,2019-12-09,0.9772425690021231,-1.6690032712464165,0.0,False,0.0,Sell
1575936000,147.29,148.19,143.41,145.58,21490.45784509,2019-12-10,0.988390250526173,-4.204777258669468,0.0,False,0.0,Sell
1576022400,145.58,146.22,142.0,143.19,16058.26416428,2019-12-11,0.9835829097403489,2.190979160719375,1.0,True,1000.0,Buy
1576108800,143.19,145.73,139.0,144.79,25174.80866535,2019-12-12,1.0111739646623368,-1.0659378202938163,1.0,True,1000.0,Buy
1576195200,144.79,145.1,142.48,144.49,18206.23136162,2019-12-13,0.9979280337039852,-2.206429780033836,1.0,True,1000.0,Buy
1576281600,144.49,145.05,141.06,141.77,14216.90436878,2019-12-14,0.9811751678316839,-7.248936866208688,1.0,True,1000.0,Buy
1576368000,141.77,143.85,139.65,142.28,18142.83145335,2019-12-15,1.0035973760316004,-5.91813793559478,1.0,True,1000.0,Buy
1576454400,142.28,142.49,130.0,132.47,58513.55124166,2019-12-16,0.9310514478493112,-14.414006977645688,0.0,False,0.0,Sell
1576540800,132.47,132.74,119.65,121.75,72898.15550344,2019-12-17,0.9190760172114442,-19.764070119942012,0.0,False,0.0,Sell
1576627200,121.75,134.86,115.44,132.88,89337.31845082,2019-12-18,1.0914168377823408,-11.859909790395328,0.0,False,0.0,Sell
1576713600,132.88,133.99,125.77,128.12,45771.39800304,2019-12-19,0.9641782059000603,-13.926771918038284,0.0,False,0.0,Sell
1576800000,128.24,129.37,125.97,128.26,24781.1919606,2019-12-20,1.0010927255697781,-12.967361063988614,0.0,False,0.0,Sell
1576886400,128.26,128.44,126.68,127.02,12235.20840051,2019-12-21,0.9903321378450024,-12.580867171369592,0.0,False,0.0,Sell
1576972800,127.02,133.2,127.0,132.41,34994.88514549,2019-12-22,1.0424342623208944,-10.527738360700056,0.0,False,0.0,Sell
1577059200,132.41,135.1,126.1,128.0,32371.42354433,2019-12-23,0.9666943584321426,-14.036265950302218,0.0,False,0.0,Sell
1577145600,128.0,129.46,126.64,127.74,15549.89642522,2019-12-24,0.99796875,-13.320214426274013,0.0,False,0.0,Sell
1577232000,127.72,127.79,122.96,124.87,27011.52709179,2019-12-25,0.9775324878659778,-17.151008492568998,0.0,False,0.0,Sell
1577318400,124.87,131.96,124.19,125.51,26848.92986244,2019-12-26,1.0051253303435572,-14.787154592979823,0.0,False,0.0,Sell
1577404800,125.51,126.7,122.22,126.25,23877.78951266,2019-12-27,1.0058959445462512,-13.277922791592257,0.0,False,0.0,Sell
1577491200,126.25,129.79,125.91,127.83,15147.80495396,2019-12-28,1.0125148514851485,-10.727006075843281,0.0,False,0.0,Sell
1577577600,127.83,137.81,127.37,134.31,32835.97574569,2019-12-29,1.0506923257451304,-7.238068927412112,0.0,False,0.0,Sell
1577664000,134.31,136.02,129.86,131.1,28985.00296516,2019-12-30,0.9761000670091579,-9.267077306387995,0.0,False,0.0,Sell
1577750400,131.1,133.28,127.79,128.59,23094.40039331,2019-12-31,0.9808543096872617,-9.296748254214581,0.0,False,0.0,Sell
1577836800,128.59,132.86,128.19,130.33,12926.76804792,2020-01-01,1.01353137880084,-8.398931684003363,0.0,False,0.0,Sell
1577923200,130.33,130.33,126.0,126.72,23682.38685187,2020-01-02,0.9723010818691014,-4.340605420095112,0.0,False,0.0,Sell
1578009600,126.72,134.72,125.4,134.0,47666.17592234,2020-01-03,1.057449494949495,10.061601642710482,0.0,False,0.0,Sell
1578096000,134.0,135.91,132.58,134.14,15167.88343283,2020-01-04,1.0010447761194028,0.9482239614689858,1.0,True,1000.0,Buy
1578182400,134.14,138.3,133.83,135.27,27337.94997145,2020-01-05,1.0084240345907263,5.5807055885107815,1.0,True,1000.0,Buy
1578268800,135.27,144.57,134.86,144.34,62197.78898113,2020-01-06,1.0670510830191469,12.537034149384073,1.0,True,1000.0,Buy
1578355200,144.3,145.32,138.98,143.2,47712.15633658,2020-01-07,0.9921019814327282,12.738151472209092,1.0,True,1000.0,Buy
1578441600,143.2,147.95,137.03,140.7,86917.72073913,2020-01-08,0.9825418994413407,6.260856430783157,1.0,True,1000.0,Buy
1578528000,140.7,141.57,135.33,137.91,32870.92552026,2020-01-09,0.9801705756929638,7.742187499999997,1.0,True,1000.0,Buy
1578614400,137.75,145.32,135.14,144.92,45192.25694041,2020-01-10,1.050830251613371,13.449193674651628,1.0,True,1000.0,Buy
1578700800,144.92,147.89,141.28,142.62,41821.21820631,2020-01-11,0.9841291747170854,14.214783374709693,1.0,True,1000.0,Buy
1578787200,142.62,146.5,141.53,146.5,20983.2640772,2020-01-12,1.0272051605665404,16.723767030515504,1.0,True,1000.0,Buy
1578873600,146.5,146.99,142.0,143.58,26806.47387759,2020-01-13,0.9800682593856657,13.726732673267339,1.0,True,1000.0,Buy
1578960000,143.57,170.0,143.45,166.19,127255.101915,2020-01-14,1.1574731856804568,30.008605178753033,1.0,True,1000.0,Buy
1579046400,166.19,171.61,159.05,166.31,68867.71728233,2020-01-15,1.0007220651062039,23.825478370932917,1.0,True,1000.0,Buy
1579132800,166.31,167.27,158.42,164.17,52493.21231389,2020-01-16,0.9871324634718296,25.225019069412657,1.0,True,1000.0,Buy
1579219200,164.17,174.0,161.98,169.59,102326.11969421,2020-01-17,1.0330145580800392,31.884283381289368,1.0,True,1000.0,Buy
1579305600,169.6,179.0,164.87,174.03,81392.05770383,2020-01-18,1.0261807889616132,33.53026931635079,1.0,True,1000.0,Buy
1579392000,174.03,178.06,161.77,166.84,71708.81095403,2020-01-19,0.9586852841464115,31.660353535353547,1.0,True,1000.0,Buy
1579478400,166.81,169.2,160.9,166.61,60605.11838717,2020-01-20,0.9986214337089427,24.335820895522396,1.0,True,1000.0,Buy
1579564800,166.61,170.01,164.61,169.3,35054.43074135,2020-01-21,1.0161454894664186,26.211420903533632,1.0,True,1000.0,Buy
1579651200,169.32,170.92,165.61,167.66,32655.80601067,2020-01-22,0.9903130537507382,23.944703186220153,1.0,True,1000.0,Buy
1579737600,167.66,167.67,159.0,162.5,46177.55431017,2020-01-23,0.9692234283669331,12.581405015934589,1.0,True,1000.0,Buy
1579824000,162.5,164.3,155.25,162.32,70992.47565628,2020-01-24,0.9988923076923076,13.351955307262564,1.0,True,1000.0,Buy
1579910400,162.32,162.48,157.43,160.12,38346.92204278,2020-01-25,0.9864465253819616,13.80241648898366,1.0,True,1000.0,Buy
1579996800,160.12,167.65,159.06,167.4,60979.19348641,2020-01-26,1.045465900574569,21.383510985425282,1.0,True,1000.0,Buy
1580083200,167.4,171.77,164.94,169.88,41342.09615341,2020-01-27,1.0148148148148148,17.223295611371793,1.0,True,1000.0,Buy
1580169600,169.88,176.7,169.88,176.41,59733.14449502,2020-01-28,1.0384388980456793,23.69232926658251,1.0,True,1000.0,Buy
1580256000,176.41,179.0,172.95,173.41,51398.06180819,2020-01-29,0.9829941613287229,18.36860068259385,1.0,True,1000.0,Buy
1580342400,173.41,186.6,170.5,184.34,113133.187966,2020-01-30,1.0630298137362322,28.388354924084137,1.0,True,1000.0,Buy
1580428800,184.34,185.47,175.0,179.68,45074.06276328,2020-01-31,0.9747206249321906,8.117215235573738,1.0,True,1000.0,Buy
1580515200,179.68,184.0,178.92,183.41,27446.92506589,2020-02-01,1.0207591273374887,10.282003487463175,1.0,True,1000.0,Buy
1580601600,183.41,193.3,178.9,188.25,55004.15477807,2020-02-02,1.0263889646147974,14.667722482792245,1.0,True,1000.0,Buy
1580688000,188.25,195.14,186.43,189.78,43629.29176428,2020-02-03,1.0081274900398407,11.905183088625515,1.0,True,1000.0,Buy
1580774400,189.78,191.28,184.0,188.35,47494.06872361,2020-02-04,0.9924649594267045,8.22846635637533,1.0,True,1000.0,Buy
1580860800,188.35,207.95,187.71,203.76,79392.32840092,2020-02-05,1.0818157685160605,22.128985854711104,1.0,True,1000.0,Buy
1580947200,203.76,216.4,201.19,212.92,95818.95021272,2020-02-06,1.0449548488417746,27.795450453154057,1.0,True,1000.0,Buy
1581033600,212.92,224.77,212.92,222.91,93738.29285304,2020-02-07,1.04691903062183,31.66568222090962,1.0,True,1000.0,Buy
1581120000,222.91,227.95,213.41,223.27,98426.83414724,2020-02-08,1.0016150015701404,33.16831683168318,1.0,True,1000.0,Buy
1581206400,223.27,230.8,222.98,228.64,66271.59989379,2020-02-09,1.0240515967214583,40.701538461538455,1.0,True,1000.0,Buy
1581292800,228.64,229.4,216.6,223.0,69160.21025718,2020-02-10,0.9753324002799161,37.382947264662405,1.0,True,1000.0,Buy
1581379200,223.0,239.89,217.7,237.83,92398.04713613,2020-02-11,1.0665022421524664,48.53235073694728,1.0,True,1000.0,Buy
1581465600,238.06,275.88,238.06,266.4,170826.55030273,2020-02-12,1.1201278223941469,59.13978494623655,1.0,True,1000.0,Buy
1581552000,266.4,278.0,254.22,268.64,130324.60892308,2020-02-13,1.0084084084084084,58.13515422651283,1.0,True,1000.0,Buy
1581638400,268.64,287.55,259.63,285.96,92904.98223087,2020-02-14,1.0644729005360334,62.09965421461368,1.0,True,1000.0,Buy
1581724800,285.96,288.98,261.0,264.92,108409.85880503,2020-02-15,0.9264232759826551,52.77088979874287,1.0,True,1000.0,Buy
1581811200,264.92,274.03,237.0,258.82,117235.61858624,2020-02-16,0.9769741808847954,40.40360203970923,1.0,True,1000.0,Buy
1581897600,258.82,268.98,242.51,268.22,100543.91442356,2020-02-17,1.0363186770728694,49.276491540516474,1.0,True,1000.0,Buy
1581984000,268.22,286.49,259.46,282.82,111440.19024979,2020-02-18,1.054432928193274,54.20097050324411,1.0,True,1000.0,Buy
1582070400,283.0,287.0,251.25,258.76,102898.70745591,2020-02-19,0.9149282228979563,37.45551128818061,1.0,True,1000.0,Buy
1582156800,258.76,264.24,244.24,257.96,83353.37531984,2020-02-20,0.9969083320451383,35.92580883127832,1.0,True,1000.0,Buy
1582243200,257.96,268.5,254.24,265.58,54730.15547455,2020-02-21,1.0295394634827104,41.003451022033445,1.0,True,1000.0,Buy
1582329600,265.58,267.01,256.1,262.48,36948.12926387,2020-02-22,0.9883274342947512,28.818217510797027,1.0,True,1000.0,Buy
1582416000,262.48,276.58,261.75,275.73,32070.47495571,2020-02-23,1.050480036574215,29.499342476047353,1.0,True,1000.0,Buy
1582502400,275.73,278.26,256.83,265.81,73560.74407852,2020-02-24,0.964022775903964,19.245435377506624,1.0,True,1000.0,Buy
1582588800,265.81,266.25,244.0,246.7,88357.64264112,2020-02-25,0.9281065422670328,10.494020692435168,1.0,True,1000.0,Buy
1582675200,246.29,249.89,215.67,223.71,158244.32527028,2020-02-26,0.9068098905553305,-2.1562281315605225,1.0,True,1000.0,Buy
1582761600,223.74,238.13,208.0,227.5,110385.94609357,2020-02-27,1.0169415761476912,2.0179372197309364,1.0,True,1000.0,Buy
1582848000,227.5,234.39,213.82,227.09,87370.17273781,2020-02-28,0.9981978021978022,-4.515830635327756,1.0,True,1000.0,Buy
1582934400,227.09,233.31,216.91,217.78,42367.74681536,2020-02-29,0.9590030384429081,-18.250750750750743,1.0,True,1000.0,Buy
1583020800,217.78,228.0,212.02,217.5,74479.87192392,2020-03-01,0.9987142988336853,-19.03662894580107,1.0,True,1000.0,Buy
1583107200,217.5,235.52,215.69,232.0,75526.49359085,2020-03-02,1.0666666666666667,-18.86977199608336,0.0,False,0.0,Sell
1583193600,232.0,232.99,220.25,223.53,54890.35238548,2020-03-03,0.9634913793103448,-15.623584478333086,0.0,False,0.0,Sell
1583280000,223.53,228.89,220.47,224.48,32940.91598217,2020-03-04,1.004249988815819,-13.267908198748168,0.0,False,0.0,Sell
1583366400,224.48,234.6,224.48,228.66,71442.48465036,2020-03-05,1.0186208125445475,-14.749086570725535,0.0,False,0.0,Sell
1583452800,228.66,246.27,227.67,245.74,66952.38166175,2020-03-06,1.0746960552785796,-13.110812530938398,0.0,False,0.0,Sell
1583539200,245.74,252.5,236.22,237.6,57047.5995562,2020-03-07,0.9668755595344672,-8.17746174060906,0.0,False,0.0,Sell
1583625600,237.6,237.6,196.0,199.89,124797.40598707,2020-03-08,0.8412878787878787,-22.511242053031477,0.0,False,0.0,Sell
1583712000,199.47,208.68,189.07,203.38,144839.0577666,2020-03-09,1.01745960278153,-23.42043828601551,0.0,False,0.0,Sell
1583798400,202.83,206.42,194.77,200.15,66058.30495983,2020-03-10,0.9841183990559544,-23.746571167327033,0.0,False,0.0,Sell
1583884800,200.15,202.92,182.0,194.81,97410.66572855,2020-03-11,0.9733200099925056,-29.34755013962935,0.0,False,0.0,Sell
1583971200,194.81,195.58,101.52,108.78,716465.72844084,2020-03-12,0.558390226374416,-59.07603175200331,0.0,False,0.0,Sell
1584057600,108.78,145.1,89.8,135.45,585210.83883101,2020-03-13,1.245173745173745,-45.09525739764897,0.0,False,0.0,Sell
1584144000,135.45,135.45,120.34,122.28,79007.55485221,2020-03-14,0.9027685492801772,-45.33994904116937,0.0,False,0.0,Sell
1584230400,122.28,133.97,119.86,123.24,140818.50980796,2020-03-15,1.0078508341511285,-45.82857142857143,0.0,False,0.0,Sell
1584316800,123.24,123.76,100.74,110.97,220217.81636674,2020-03-16,0.9004381694255112,-51.13391166497865,0.0,False,0.0,Sell
1584403200,110.97,121.16,109.68,116.11,115389.96116266,2020-03-17,1.0463188249076327,-46.68472770686013,0.0,False,0.0,Sell
1584489600,116.11,118.72,110.19,118.61,108229.65059492,2020-03-18,1.0215313065196796,-45.46666666666667,0.0,False,0.0,Sell
1584576000,118.61,143.34,115.84,136.75,178641.48604772,2020-03-19,1.1529382008262372,-41.05603448275862,0.0,False,0.0,Sell
1584662400,136.75,153.49,115.0,133.5,233982.06487768,2020-03-20,0.9762340036563071,-40.27647295665011,0.0,False,0.0,Sell
1584748800,133.5,138.02,125.79,132.64,95461.75065067,2020-03-21,0.9935580524344568,-40.91233071988596,0.0,False,0.0,Sell
1584835200,132.64,137.38,108.1,122.38,147476.11146117,2020-03-22,0.9226477683956574,-46.4794891979358,0.0,False,0.0,Sell
1584921600,122.38,138.25,119.26,136.58,125825.72804783,2020-03-23,1.1160320313776761,-44.42093269309025,0.0,False,0.0,Sell
1585008000,136.53,144.3,133.19,139.22,109523.80049536,2020-03-24,1.0193293307951383,-41.4057239057239,0.0,False,0.0,Sell
1585094400,138.97,143.43,132.68,136.35,71119.05983615,2020-03-25,0.9793851458123832,-31.787483115713645,0.0,False,0.0,Sell
1585180800,136.35,140.04,133.57,139.01,56078.12900694,2020-03-26,1.0195086175284196,-31.65011308879929,0.0,False,0.0,Sell
1585267200,139.01,141.83,129.19,131.59,56048.74649606,2020-03-27,0.9466225451406375,-34.254309268048964,0.0,False,0.0,Sell
1585353600,131.59,133.3,125.0,131.38,59722.90272448,2020-03-28,0.9984041340527395,-32.559930188388684,0.0,False,0.0,Sell
1585440000,131.27,131.99,123.94,124.36,50427.08834244,2020-03-29,0.9465672096209469,14.322485751057169,0.0,False,0.0,Sell
1585526400,124.35,135.47,124.02,132.28,60878.31669356,2020-03-30,1.063686072692184,-2.3403469915097785,0.0,False,0.0,Sell
1585612800,132.28,135.36,130.35,133.1,39043.1924294,2020-03-31,1.0061989718778348,8.848544324501129,1.0,True,1000.0,Buy
1585699200,133.1,137.41,128.85,135.88,55057.67531417,2020-04-01,1.0208865514650638,10.256410256410264,1.0,True,1000.0,Buy
1585785600,135.88,150.7,135.65,141.48,89081.92720642,2020-04-02,1.041212834854283,27.49391727493917,1.0,True,1000.0,Buy
1585872000,141.48,146.9,137.1,141.32,62648.68987075,2020-04-03,0.9988690981057393,21.71216949444492,1.0,True,1000.0,Buy
1585958400,141.32,146.63,139.09,144.4,33455.82238803,2020-04-04,1.0217945089159355,21.743529213388424,1.0,True,1000.0,Buy
1586044800,144.4,145.96,140.8,142.88,23818.26790745,2020-04-05,0.9894736842105263,4.482632541133458,1.0,True,1000.0,Buy
1586131200,142.88,172.4,142.85,171.64,132647.96642432,2020-04-06,1.2012877939529674,28.56928838951309,1.0,True,1000.0,Buy
1586217600,171.64,176.55,162.15,164.6,122018.03835656,2020-04-07,0.958983919832207,24.095295536791326,1.0,True,1000.0,Buy
1586304000,164.6,174.62,163.52,173.78,98457.30860998,2020-04-08,1.055771567436209,42.000326850792625,1.0,True,1000.0,Buy
1586390400,173.78,174.04,165.25,169.92,69659.59319258,2020-04-09,0.9777880078259868,24.410601845072467,1.0,True,1000.0,Buy
1586476800,169.92,170.33,152.46,158.17,111849.75629396,2020-04-10,0.9308498116760828,13.611550064645872,1.0,True,1000.0,Buy
1586563200,158.17,161.53,154.2,158.58,38059.88170637,2020-04-11,1.0025921476891952,16.303630363036326,1.0,True,1000.0,Buy
1586649600,158.58,165.84,155.45,158.72,87981.32559407,2020-04-12,1.0008828351620633,14.178836054960087,1.0,True,1000.0,Buy
1586736000,158.72,159.47,150.0,156.77,86005.67233803,2020-04-13,0.9877142137096775,19.135192643817934,1.0,True,1000.0,Buy
1586822400,156.77,162.26,155.55,158.59,44079.97453029,2020-04-14,1.0116093640364865,20.710914903333855,1.0,True,1000.0,Buy
1586908800,158.59,161.47,151.82,152.62,56794.78191925,2020-04-15,0.9623557601362003,22.72434866516566,1.0,True,1000.0,Buy
1586995200,152.62,175.41,147.0,172.73,169853.1181389,2020-04-16,1.1317651683920849,30.57907469005139,1.0,True,1000.0,Buy
1587081600,172.69,175.0,168.38,170.92,67759.50906448,2020-04-17,0.9895212180860302,28.41472577009767,1.0,True,1000.0,Buy
1587168000,170.91,189.89,170.8,187.65,103108.99608681,2020-04-18,1.0978820500819098,38.099793935825744,1.0,True,1000.0,Buy
1587254400,187.65,188.66,176.0,180.22,82991.4129397,2020-04-19,0.9604050093258726,27.38196211478654,1.0,True,1000.0,Buy
1587340800,180.22,186.76,166.13,170.49,165072.868068,2020-04-20,0.9460104316945955,20.641098216812924,1.0,True,1000.0,Buy
1587427200,170.49,174.79,168.32,170.99,57290.42195308,2020-04-21,1.0029327233268814,18.414127423822713,1.0,True,1000.0,Buy
1587513600,170.99,184.69,170.09,183.16,84936.69382065,2020-04-22,1.0711737528510439,28.191489361702125,1.0,True,1000.0,Buy
1587600000,183.16,194.38,178.52,185.68,134420.3094857,2020-04-23,1.0137584625464076,8.17991144255419,1.0,True,1000.0,Buy
1587686400,185.68,190.24,184.2,187.72,108832.29919203,2020-04-24,1.0109866436880655,14.046172539489676,1.0,True,1000.0,Buy
1587772800,187.72,198.0,185.81,194.52,83596.65287987,2020-04-25,1.0362241636479865,11.934629991943835,1.0,True,1000.0,Buy
1587859200,194.51,200.0,192.5,197.83,75469.33810909,2020-04-26,1.0170162451161835,16.425376647834298,1.0,True,1000.0,Buy
1587945600,197.83,199.33,187.3,196.84,78343.22160974,2020-04-27,0.9949957033816913,24.448378327116416,1.0,True,1000.0,Buy
1588032000,196.72,198.1,192.42,196.71,67293.62772665,2020-04-28,0.9993395651290389,24.044646235338618,1.0,True,1000.0,Buy
1588118400,196.71,219.09,196.71,215.45,131948.76440994,2020-04-29,1.0952671445274769,35.7421875,1.0,True,1000.0,Buy
1588204800,215.45,227.53,202.4,206.2,142274.43622902,2020-04-30,0.9570666047806916,31.53026727052368,1.0,True,1000.0,Buy
1588291200,206.2,217.42,206.14,211.88,66785.35769168,2020-05-01,1.0275460717749758,33.60237089349896,1.0,True,1000.0,Buy
1588377600,211.88,215.71,210.54,214.11,39931.24096968,2020-05-02,1.0105248253728527,40.28960817717206,1.0,True,1000.0,Buy
1588464000,214.11,219.32,203.8,209.9,66126.0171265,2020-05-03,0.9803372098454065,21.51913390841198,1.0,True,1000.0,Buy
1588550400,209.9,210.8,195.15,206.99,110188.75480697,2020-05-04,0.9861362553596951,21.103440205944324,1.0,True,1000.0,Buy
1588636800,206.99,212.19,200.82,205.62,50051.53257069,2020-05-05,0.9933813227692159,9.57633892885692,1.0,True,1000.0,Buy
1588723200,205.62,211.31,197.0,199.48,67122.30103512,2020-05-06,0.9701390915280614,10.686938186660733,1.0,True,1000.0,Buy
1588809600,199.3,215.18,196.99,212.34,108167.55979177,2020-05-07,1.0644676158010828,24.546894245996832,1.0,True,1000.0,Buy
1588896000,212.34,217.08,207.21,211.62,50949.34423375,2020-05-08,0.9966092116417067,23.761623486753614,1.0,True,1000.0,Buy
1588982400,211.62,214.72,208.4,210.03,33843.40994201,2020-05-09,0.9924865324638503,14.670233675474996,1.0,True,1000.0,Buy
1589068800,210.03,210.03,180.4,188.02,142960.64452587,2020-05-10,0.8952054468409275,1.2602326583369239,1.0,True,1000.0,Buy
1589155200,188.02,194.85,176.56,185.89,86692.64226298,2020-05-11,0.9886714179342622,-0.974856168761995,1.0,True,1000.0,Buy
1589241600,185.81,192.42,185.73,189.72,34504.61173466,2020-05-12,1.0206035827640003,-2.467612584824186,1.0,True,1000.0,Buy
1589328000,189.72,201.41,188.55,200.07,45271.53490388,2020-05-13,1.0545540796963946,1.1322852954556817,1.0,True,1000.0,Buy
1589414400,200.07,206.16,195.53,203.43,69965.15554581,2020-05-14,1.01679412205728,3.347896768949399,1.0,True,1000.0,Buy
1589500800,203.43,204.23,191.3,194.76,47437.81214953,2020-05-15,0.9573809172688393,-0.9913070001525193,1.0,True,1000.0,Buy
1589587200,194.76,203.33,193.21,200.5,44847.05766721,2020-05-16,1.0294721708769767,-6.938964957066595,1.0,True,1000.0,Buy
1589673600,200.5,209.92,199.44,206.94,30035.57675505,2020-05-17,1.0321197007481298,0.3588748787584972,1.0,True,1000.0,Buy
1589760000,206.94,216.98,206.94,214.91,65754.36942028,2020-05-18,1.0385135788151154,1.430054747970555,0.0,False,0.0,Sell
1589846400,214.91,215.99,209.31,214.76,44212.77916662,2020-05-19,0.9993020334093341,0.30358227079536615,1.0,True,1000.0,Buy
1589932800,214.76,215.45,205.57,209.87,46352.53628834,2020-05-20,0.9772303967219222,-0.014292520247738416,1.0,True,1000.0,Buy
1590019200,209.92,211.41,191.31,198.35,63236.96562751,2020-05-21,0.94510887692381,-4.174114691530995,1.0,True,1000.0,Buy
1590105600,198.59,209.33,196.21,207.23,48893.89770828,2020-05-22,1.0447693471136879,0.7829977628635243,1.0,True,1000.0,Buy
1590192000,207.23,211.5,204.68,206.71,26288.48709823,2020-05-23,0.9974907108044203,3.6244235011028803,1.0,True,1000.0,Buy
1590278400,206.71,210.68,199.5,199.53,48089.36236172,2020-05-24,0.9652653475884089,-6.032777620796836,1.0,True,1000.0,Buy
1590364800,199.56,205.57,198.03,204.11,22213.4183503,2020-05-25,1.0229539417631435,-3.5488139117285655,1.0,True,1000.0,Buy
1590451200,204.11,204.9,196.51,200.85,34570.645733,2020-05-26,0.9840282200774092,-4.370804170832743,0.0,False,0.0,Sell
1590537600,200.95,208.35,200.85,208.28,29575.41624883,2020-05-27,1.036992780682101,10.775449420274441,1.0,True,1000.0,Buy
1590624000,208.28,220.7,204.66,220.26,61678.11201631,2020-05-28,1.0575187247935471,18.489429232341713,1.0,True,1000.0,Buy
1590710400,220.26,224.7,217.67,220.65,59904.12603232,2020-05-29,1.0017706347044402,16.30297280202404,1.0,True,1000.0,Buy
1590796800,220.65,247.28,218.7,243.7,79452.19672559,2020-05-30,1.1044640833899841,21.807367421402503,1.0,True,1000.0,Buy
1590883200,243.7,245.48,229.5,231.76,61136.08791777,2020-05-31,0.9510053344275748,13.926166248832516,1.0,True,1000.0,Buy
1590969600,231.76,251.29,230.56,248.45,92183.72274691,2020-06-01,1.0720141525716258,27.56726227151365,1.0,True,1000.0,Buy
1591056000,248.45,253.54,218.48,237.55,91177.4578345,2020-06-02,0.9561279935600725,18.478802992518716,1.0,True,1000.0,Buy
1591142400,237.55,245.02,233.47,244.54,57115.52587795,2020-06-03,1.0294253841296568,18.169517734609066,1.0,True,1000.0,Buy
1591228800,244.54,246.66,236.19,243.4,51109.85429435,2020-06-04,0.9953381859818435,13.256712112046909,1.0,True,1000.0,Buy
1591315200,243.4,247.89,239.04,240.03,33373.43760073,2020-06-05,0.9861544782251438,11.766623207301175,1.0,True,1000.0,Buy
1591401600,240.03,244.5,237.67,242.01,23468.56657188,2020-06-06,1.00824896887889,15.314242149902313,1.0,True,1000.0,Buy
1591488000,241.98,245.93,234.37,244.9,65814.33951044,2020-06-07,1.0119416553034999,23.468616082682136,1.0,True,1000.0,Buy
1591574400,244.9,247.77,241.21,246.62,30387.34625546,2020-06-08,1.0070232748060433,19.00786565651693,1.0,True,1000.0,Buy
1591660800,246.62,249.9,237.78,244.0,36517.47210167,2020-06-09,0.989376368502149,18.039765855546406,1.0,True,1000.0,Buy
1591747200,244.0,250.49,242.24,247.96,40083.65498836,2020-06-10,1.0162295081967214,24.272039292336988,1.0,True,1000.0,Buy
1591833600,247.96,250.15,225.71,230.11,74408.15462407,2020-06-11,0.9280125826746249,12.738229386115329,1.0,True,1000.0,Buy
1591920000,230.11,239.22,228.01,237.57,34432.14718519,2020-06-12,1.0324192777367345,18.2823002240478,1.0,True,1000.0,Buy
1592006400,237.57,238.64,234.62,237.92,17390.49171811,2020-06-13,1.0014732499894767,14.230843095832535,1.0,True,1000.0,Buy
1592092800,237.92,238.69,230.0,231.68,31120.30771232,2020-06-14,0.9737726967047748,5.184781621719803,1.0,True,1000.0,Buy
1592179200,231.68,233.8,218.1,230.97,72510.23764196,2020-06-15,0.9969354281767956,4.677090414683893,1.0,True,1000.0,Buy
1592265600,230.97,236.25,228.78,235.33,34145.1661447,2020-06-16,1.018876910421267,-3.434550677061954,1.0,True,1000.0,Buy
1592352000,235.33,237.38,227.71,233.61,32717.52175627,2020-06-17,0.9926911146050227,0.798239558163627,1.0,True,1000.0,Buy
1592438400,233.61,234.45,227.55,231.38,18833.20915086,2020-06-18,0.9904541757630237,-6.870597705775805,1.0,True,1000.0,Buy
1592524800,231.38,232.09,226.26,228.62,29299.95370881,2020-06-19,0.9880715705765408,-3.759208587665752,1.0,True,1000.0,Buy
1592611200,228.62,230.66,224.99,228.78,18157.39936381,2020-06-20,1.0006998512816025,-6.444753414574301,0.0,False,0.0,Sell
1592697600,228.78,231.0,227.1,227.85,14449.72202588,2020-06-21,0.9959349593495934,-6.388660640920296,1.0,True,1000.0,Buy
1592784000,227.85,246.99,227.27,243.22,69701.82680618,2020-06-22,1.0674566600833881,1.329000541598968,0.0,False,0.0,Sell
1592870400,243.22,245.09,240.86,243.03,38439.33557032,2020-06-23,0.9992188142422498,0.42147018718234897,0.0,False,0.0,Sell
1592956800,243.03,249.28,230.73,234.2,71048.9365745,2020-06-24,0.9636670369913178,-4.369130257247866,1.0,True,1000.0,Buy
1593043200,234.34,235.12,227.33,232.32,44826.14674274,2020-06-25,0.9919726729291204,-5.798394290811782,1.0,True,1000.0,Buy
1593129600,232.3,233.19,226.86,229.36,44305.22287869,2020-06-26,0.9872589531680441,-5.999999999999995,1.0,True,1000.0,Buy
1593216000,229.36,230.89,215.9,220.63,60078.3728468,2020-06-27,0.9619375653993721,-11.021939022422977,0.0,False,0.0,Sell
1593302400,220.63,227.57,217.8,224.99,37603.27812092,2020-06-28,1.019761591805285,-2.225022815175348,0.0,False,0.0,Sell
1593388800,224.8,229.82,221.19,227.8,45110.12092891,2020-06-29,1.0124894439752878,-4.112472113482335,0.0,False,0.0,Sell
1593475200,227.88,228.78,222.8,225.68,32825.57111343,2020-06-30,0.9906935908691835,-5.144586415601871,1.0,True,1000.0,Buy
1593561600,225.61,233.0,224.16,231.11,39744.49044874,2020-07-01,1.0240606168025523,-0.2460290055248615,1.0,True,1000.0,Buy
1593648000,231.11,232.07,223.0,226.41,49455.95856067,2020-07-02,0.9796633637661719,-1.9742823743343352,0.0,False,0.0,Sell
1593734400,226.47,228.27,224.3,225.01,16877.29789183,2020-07-03,0.9938165275385362,-4.385331236986367,1.0,True,1000.0,Buy
1593820800,225.08,230.68,224.52,229.25,19137.6400073,2020-07-04,1.0188436069508022,-1.866358460682338,1.0,True,1000.0,Buy
1593907200,229.24,229.97,223.57,227.96,23645.48176223,2020-07-05,0.9943729552889858,-1.4780879937764668,1.0,True,1000.0,Buy
1593993600,227.89,242.3,227.0,241.84,80304.76955511,2020-07-06,1.060887875065801,5.782521214241965,1.0,True,1000.0,Buy
1594080000,241.86,243.7,234.54,239.34,60652.59125132,2020-07-07,0.9896625868342706,4.615788093364803,1.0,True,1000.0,Buy
1594166400,239.46,248.9,237.87,246.97,51430.25241593,2020-07-08,1.0318793348374697,8.391485626508665,1.0,True,1000.0,Buy
1594252800,246.97,247.85,237.81,241.89,47925.36105837,2020-07-09,0.9794307000850305,-0.5468300304251383,1.0,True,1000.0,Buy
1594339200,241.89,242.02,235.33,241.12,31449.37810411,2020-07-10,0.9968167348794907,-0.7859112043780536,1.0,True,1000.0,Buy
1594425600,241.13,241.52,237.61,239.24,15857.66609838,2020-07-11,0.9922030524220306,2.1520068317677277,1.0,True,1000.0,Buy
1594512000,239.27,243.98,236.75,243.0,37611.79545533,2020-07-12,1.0157164353786992,4.597107438016534,1.0,True,1000.0,Buy
1594598400,243.0,245.26,237.46,239.42,57062.19005993,2020-07-13,0.9852674897119341,4.386117893268215,1.0,True,1000.0,Buy
1594684800,239.24,241.9,236.89,240.35,25030.39892478,2020-07-14,1.003884387269234,8.938041064225178,1.0,True,1000.0,Buy
1594771200,240.35,241.28,236.58,238.37,30353.86840651,2020-07-15,0.9917620137299772,5.946930974709974,1.0,True,1000.0,Buy
1594857600,238.37,239.11,229.75,233.73,42144.5691623,2020-07-16,0.9805344632294332,2.603160667251969,1.0,True,1000.0,Buy
1594944000,233.73,234.4,231.54,232.79,23918.18615452,2020-07-17,0.9959782655200445,3.150478553704361,1.0,True,1000.0,Buy
1595030400,232.79,237.01,232.29,235.8,18441.91571754,2020-07-18,1.0129301086816445,2.0293366795032686,1.0,True,1000.0,Buy
1595116800,235.8,240.11,233.41,239.25,19368.85971479,2020-07-19,1.0146310432569974,5.6711276003710065,1.0,True,1000.0,Buy
1595203200,239.25,239.88,234.3,236.19,28616.32246201,2020-07-20,0.9872100313479624,4.968668059197379,1.0,True,1000.0,Buy
1595289600,236.19,247.0,235.74,246.01,60144.41712042,2020-07-21,1.041576696727211,7.310796074154857,1.0,True,1000.0,Buy
1595376000,246.01,269.5,242.18,264.53,58023.27280765,2020-07-22,1.0752814926222511,16.042288120722926,1.0,True,1000.0,Buy
1595462400,264.61,281.43,260.37,275.59,103621.91985921,2020-07-23,1.0418100026462027,13.955507773734688,1.0,True,1000.0,Buy
1595548800,275.5,287.91,268.57,279.42,85495.7105802,2020-07-24,1.0138974563663414,16.746051642015548,1.0,True,1000.0,Buy
1595635200,279.42,309.94,279.42,305.89,97505.64028131,2020-07-25,1.094731944742681,23.85714864153541,1.0,True,1000.0,Buy
1595721600,305.89,319.83,300.48,311.52,101680.13872205,2020-07-26,1.0184053090980418,28.785811732605726,1.0,True,1000.0,Buy
1595808000,311.47,334.28,307.7,322.44,183440.17045428,2020-07-27,1.0350539291217258,33.72594558725945,1.0,True,1000.0,Buy
1595894400,322.44,327.23,306.35,317.43,96728.72828196,2020-07-28,0.9844622255303312,32.68266176224712,1.0,True,1000.0,Buy
1595980800,317.43,325.5,313.31,318.18,58271.03187517,2020-07-29,1.0023627256402987,30.938271604938272,1.0,True,1000.0,Buy
1596067200,318.09,343.0,314.68,335.25,83409.87095787,2020-07-30,1.0536488779935884,40.02589591512824,1.0,True,1000.0,Buy
1596153600,335.25,349.74,328.77,347.0,74692.3857674,2020-07-31,1.035048471290082,44.37278968171417,1.0,True,1000.0,Buy
1596240000,347.0,394.07,343.9,387.57,115978.80544895,2020-08-01,1.1169164265129683,62.59176909846038,1.0,True,1000.0,Buy
1596326400,387.57,416.39,300.0,372.17,225549.50743617,2020-08-02,0.9602652424078232,59.23073631968512,1.0,True,1000.0,Buy
1596412800,372.26,398.29,367.0,386.21,87093.74522881,2020-08-03,1.0377246957035762,65.9048928218566,1.0,True,1000.0,Buy
1596499200,386.4,403.52,381.1,389.91,88067.22321184,2020-08-04,1.0095802801584632,65.3562340966921,1.0,True,1000.0,Buy
1596585600,389.91,407.89,384.24,401.25,71758.24275166,2020-08-05,1.0290836346849273,67.7115987460815,1.0,True,1000.0,Buy
1596672000,401.25,403.77,391.5,395.17,42415.06450057,2020-08-06,0.9848473520249221,67.31021635124266,1.0,True,1000.0,Buy
1596758400,395.17,399.0,363.22,379.67,86725.3015718,2020-08-07,0.960776374724802,54.331124751026394,1.0,True,1000.0,Buy
1596844800,379.67,397.4,376.04,397.4,46663.6312043,2020-08-08,1.0466984486527773,50.228707518995954,1.0,True,1000.0,Buy
1596931200,397.4,400.35,381.06,390.33,44561.72836084,2020-08-09,0.9822093608454957,41.63431184005226,1.0,True,1000.0,Buy
1597017600,390.33,400.0,384.97,395.9,53652.14367132,2020-08-10,1.0142699766863936,41.68635029704386,1.0,True,1000.0,Buy
1597104000,395.9,398.38,367.0,378.97,109239.48571141,2020-08-11,0.9572366759282649,23.890941188008785,1.0,True,1000.0,Buy
1597190400,378.97,389.47,364.25,387.15,62909.79898386,2020-08-12,1.0215848220175738,24.277734976887523,1.0,True,1000.0,Buy
1597276800,387.15,432.22,376.78,424.87,154367.66375891,2020-08-13,1.0974299367170348,31.76715047760823,1.0,True,1000.0,Buy
1597363200,424.87,445.08,418.1,438.68,92451.03815641,2020-08-14,1.0325040600654318,38.197397851494806,1.0,True,1000.0,Buy
1597449600,438.68,443.54,427.0,432.39,46133.47654597,2020-08-15,0.9856615300446795,35.89477654158022,1.0,True,1000.0,Buy
1597536000,432.39,437.49,412.48,433.67,64246.01812903,2020-08-16,1.0029602904785033,29.35719612229679,1.0,True,1000.0,Buy
1597622400,433.99,447.44,420.51,431.35,67152.50720452,2020-08-17,0.9946503101436577,24.30835734870318,1.0,True,1000.0,Buy
1597708800,431.35,434.2,412.11,422.62,77628.45601165,2020-08-18,0.9797612147907732,9.043527620816882,1.0,True,1000.0,Buy
1597795200,422.62,426.5,393.33,407.57,91227.61399911,2020-08-19,0.9643888126449293,9.511782250047007,1.0,True,1000.0,Buy
1597881600,407.57,419.54,402.48,416.2,58454.61391948,2020-08-20,1.0211742768113452,7.765205458170432,1.0,True,1000.0,Buy
1597968000,416.2,419.08,385.0,387.83,85385.53125803,2020-08-21,0.9318356559346468,-0.5334564386653473,1.0,True,1000.0,Buy
1598054400,387.83,396.9,378.98,395.52,57008.74326452,2020-08-22,1.0198282752752494,-1.4280373831775717,1.0,True,1000.0,Buy
1598140800,395.52,397.09,383.73,390.64,28001.41469343,2020-08-23,0.9876618122977346,-1.1463420806235414,1.0,True,1000.0,Buy
1598227200,390.64,410.98,387.61,407.92,66322.98635652,2020-08-24,1.0442351013721074,7.440672162667572,1.0,True,1000.0,Buy
1598313600,407.92,409.15,370.05,383.01,112721.29479894,2020-08-25,0.9389341047264169,-3.621036738802208,1.0,True,1000.0,Buy
1598400000,383.01,393.56,377.18,385.71,72131.19472743,2020-08-26,1.0070494242970156,-1.183613865190991,1.0,True,1000.0,Buy
1598486400,385.91,396.85,371.6,383.16,61708.64859145,2020-08-27,0.9933888154312827,-3.2179843394796515,1.0,True,1000.0,Buy
1598572800,383.16,398.32,380.01,395.56,45660.17868569,2020-08-28,1.0323624595469254,4.377655223368593,1.0,True,1000.0,Buy
1598659200,395.56,405.87,392.3,398.69,46298.21519638,2020-08-29,1.007912832440085,2.9807568126049455,1.0,True,1000.0,Buy
1598745600,398.69,429.5,398.39,428.72,62024.75826499,2020-08-30,1.075321678497078,0.9061595311507187,1.0,True,1000.0,Buy
1598832000,428.72,430.0,417.77,425.44,18436.71133331,2020-08-31,0.9923493189027803,-3.0181453451262885,1.0,True,1000.0,Buy
